decision,confirmed_name,confirmed_category_id,confirmed_category_name,sample_id,candidate_name,alternative_names,name_score,name_ocr_confidence,dataset_label_ids,dataset_label_names,ocr_suggested_id,ocr_suggested_name,ocr_suggested_score,review_status,evidence,image,review_image,ocr_json,ocr_text
,项吸疼痛，小儿瘤症,2,消炎药,3,项吸疼痛，小儿瘤症,蓝花药 | 清热解毒，消痘，用于急慢性扁桃腺炎，齿缩红肿,5.176,0.79397,2,消炎药,,,2,needs_review,数据集只有一个类别标签，仍需核对药名和类别,C:\Users\王鑫\OneDrive\桌面\ai-vision\软通动力实训-2026-07\软通动力实训-2026-07\ai-training\data\yolo\medicine\images\train\images\3.jpg,C:\Users\王鑫\OneDrive\桌面\ai-vision\软通动力实训-2026-07\软通动力实训-2026-07\ai-training\output\unmatched_medicine_review\images\3.jpg,C:\Users\王鑫\OneDrive\桌面\ai-vision\软通动力实训-2026-07\软通动力实训-2026-07\ai-training\output\ocr_results\json\3.json,美罗 | 蓝花药 | LANHUAYAO | 【功能主治】 | 清热解毒，消痘，用于急慢性扁桃腺炎，齿缩红肿。 | 项吸疼痛，小儿瘤症。 | 50粒/支×6支/盒 | 大连美罗中药厂有限公司
,清咽片,1,止咳化痰,7,清咽片,,9.992,0.99797,1,止咳化痰,,,0,needs_review,数据集只有一个类别标签，仍需核对药名和类别,C:\Users\王鑫\OneDrive\桌面\ai-vision\软通动力实训-2026-07\软通动力实训-2026-07\ai-training\data\yolo\medicine\images\train\images\7.jpg,C:\Users\王鑫\OneDrive\桌面\ai-vision\软通动力实训-2026-07\软通动力实训-2026-07\ai-training\output\unmatched_medicine_review\images\7.jpg,C:\Users\王鑫\OneDrive\桌面\ai-vision\软通动力实训-2026-07\软通动力实训-2026-07\ai-training\output\ocr_results\json\7.json,"清咽片 | OTC | 国药准字Z12020018 | QingYanPian | 0.25克x20x2 | 天津同仁堂集团股份有限公司 | TIANJIN TONGRENTANG GROUP CO.,LTD."
,,17,其它,15,,,0.0,0.0,17,其它,,,0,medicine_name_missing,数据集只有一个类别标签，仍需核对药名和类别,C:\Users\王鑫\OneDrive\桌面\ai-vision\软通动力实训-2026-07\软通动力实训-2026-07\ai-training\data\yolo\medicine\images\train\images\15.jpg,C:\Users\王鑫\OneDrive\桌面\ai-vision\软通动力实训-2026-07\软通动力实训-2026-07\ai-training\output\unmatched_medicine_review\images\15.jpg,C:\Users\王鑫\OneDrive\桌面\ai-vision\软通动力实训-2026-07\软通动力实训-2026-07\ai-training\output\ocr_results\json\15.json,HA | KUS
,腔抑菌剂,9,外用药,19,腔抑菌剂,,6.0,1.0,9,外用药,,,0,needs_review,数据集只有一个类别标签，仍需核对药名和类别,C:\Users\王鑫\OneDrive\桌面\ai-vision\软通动力实训-2026-07\软通动力实训-2026-07\ai-training\data\yolo\medicine\images\train\images\19.jpg,C:\Users\王鑫\OneDrive\桌面\ai-vision\软通动力实训-2026-07\软通动力实训-2026-07\ai-training\output\unmatched_medicine_review\images\19.jpg,C:\Users\王鑫\OneDrive\桌面\ai-vision\软通动力实训-2026-07\软通动力实训-2026-07\ai-training\output\ocr_results\json\19.json,腔抑菌剂 | wang vi bon 3 | ·ASOE |  arnbacterial agent
,是腹泻、头痛、恶心、腹痛、胃肠胀气及便秘,5,肠胃药,22,是腹泻、头痛、恶心、腹痛、胃肠胀气及便秘,婴幼儿禁用 | 贮藏】遮光，密封，在干燥处保存(10-25℃,5.999,0.99969,5,肠胃药,,,8,needs_review,数据集只有一个类别标签，仍需核对药名和类别,C:\Users\王鑫\OneDrive\桌面\ai-vision\软通动力实训-2026-07\软通动力实训-2026-07\ai-training\data\yolo\medicine\images\train\images\22.jpg,C:\Users\王鑫\OneDrive\桌面\ai-vision\软通动力实训-2026-07\软通动力实训-2026-07\ai-training\output\unmatched_medicine_review\images\22.jpg,C:\Users\王鑫\OneDrive\桌面\ai-vision\软通动力实训-2026-07\软通动力实训-2026-07\ai-training\output\ocr_results\json\22.json,HK | R | 14粒/瓶/盒 | 【不良反应】本品耐受性良好，常见不良反应 | 是腹泻、头痛、恶心、腹痛、胃肠胀气及便秘。 | 详见说明书。 | 【禁忌】对本品过敏者、严重肾功能不全者及 | 婴幼儿禁用。 | 【注意事项】治疗胃溃疡时，应首先排除溃疡 | 型胃癌的可能，因用本品治疗可减轻其症状， | 从而延误治疗。详见说明书。 | 【贮藏】遮光，密封，在干燥处保存(10-25℃)。 | 【包装】聚塑瓶包装(带干燥剂)，14粒/瓶/盒。 | 【批准文号】国药准字H10920092 | 61938917200753
reject,,,,27,眠之茶,晶灵之家S.E度乳腺调理灸 | 晶灵之家,9.097,0.77427,14,妇科用药,,,0,curated_rejected,人工数据库复核：药浴和包装设计素材，不是可确认的药品包装。,C:\Users\王鑫\OneDrive\桌面\ai-vision\软通动力实训-2026-07\软通动力实训-2026-07\ai-training\data\yolo\medicine\images\train\images\27.jpg,C:\Users\王鑫\OneDrive\桌面\ai-vision\软通动力实训-2026-07\软通动力实训-2026-07\ai-training\output\unmatched_medicine_review\images\27.jpg,C:\Users\王鑫\OneDrive\桌面\ai-vision\软通动力实训-2026-07\软通动力实训-2026-07\ai-training\output\ocr_results\json\27.json,A | 晶灵之家 | 眠之茶 | 人 | 晶灵之家S.E度乳腺调理灸
,,17,其它,34,,,0.0,0.0,17,其它,,,0,medicine_name_missing,数据集只有一个类别标签，仍需核对药名和类别,C:\Users\王鑫\OneDrive\桌面\ai-vision\软通动力实训-2026-07\软通动力实训-2026-07\ai-training\data\yolo\medicine\images\train\images\34.jpg,C:\Users\王鑫\OneDrive\桌面\ai-vision\软通动力实训-2026-07\软通动力实训-2026-07\ai-training\output\unmatched_medicine_review\images\34.jpg,C:\Users\王鑫\OneDrive\桌面\ai-vision\软通动力实训-2026-07\软通动力实训-2026-07\ai-training\output\ocr_results\json\34.json,RAZINE | CARIP
approve,痔疮栓,15,肛肠用药,36,状本品为黑褐色鱼雷形栓剂,,11.986,0.99652,9,外用药,6,泻药通便,8,curated_approved,人工数据库复核：原图适应症明确为内痔、混合痔，既有人工修正也确认属于肛肠用药。,C:\Users\王鑫\OneDrive\桌面\ai-vision\软通动力实训-2026-07\软通动力实训-2026-07\ai-training\data\yolo\medicine\images\train\images\36.jpg,C:\Users\王鑫\OneDrive\桌面\ai-vision\软通动力实训-2026-07\软通动力实训-2026-07\ai-training\output\unmatched_medicine_review\images\36.jpg,C:\Users\王鑫\OneDrive\桌面\ai-vision\软通动力实训-2026-07\软通动力实训-2026-07\ai-training\output\ocr_results\json\36.json,HEMORRHOID SUPPOSITORIES | [成 | 份]柿蒂、大黄、冰片、芒硝、田螺壳（炒)、橄榄核(炒炭)、辅料为：半合成脂防酸甘油酯(38)型。 | I性 | 状本品为黑褐色鱼雷形栓剂。 | [功能主治]清热通便，止血，消肿止痛，收敛圆脱。用于内痔，混合痔之内痔部分，轻度脱循等。 | [规格]每粒重2克（含芒硝46毫克） | [用法用量]直肠给药，一次1粒、一日2~3次，使用前可以花椒水或温开水坐浴，七天为一疗程或道医嘱。
,抗癌性，免疫调节,17,其它,37,抗癌性，免疫调节,阶于推疗乙型折炎 | 贵道格和神糖衰鸦,5.576,0.89412,17,其它,,,0,needs_review,数据集只有一个类别标签，仍需核对药名和类别,C:\Users\王鑫\OneDrive\桌面\ai-vision\软通动力实训-2026-07\软通动力实训-2026-07\ai-training\data\yolo\medicine\images\train\images\37.jpg,C:\Users\王鑫\OneDrive\桌面\ai-vision\软通动力实训-2026-07\软通动力实训-2026-07\ai-training\output\unmatched_medicine_review\images\37.jpg,C:\Users\王鑫\OneDrive\桌面\ai-vision\软通动力实训-2026-07\软通动力实训-2026-07\ai-training\output\ocr_results\json\37.json,当级 | 鲜级 | TREE TONGUE | MICROPOWDER | [树舌] | 超微粉 | 阶于推疗乙型折炎。 | 抗癌性，免疫调节 | 克/袋×9袋 | 山东济南三源药业有限公司 | SHAOONG JNN SAUN MEDIONE CO.LTO | 贵道格和神糖衰鸦。 | 树舌
,穿心莲片,0,感冒药,38,穿心莲片,清热解毒，凉血消肿 | 指纹图谱,11.999,0.99964,0,感冒药,,,0,needs_review,数据集只有一个类别标签，仍需核对药名和类别,C:\Users\王鑫\OneDrive\桌面\ai-vision\软通动力实训-2026-07\软通动力实训-2026-07\ai-training\data\yolo\medicine\images\train\images\38.jpg,C:\Users\王鑫\OneDrive\桌面\ai-vision\软通动力实训-2026-07\软通动力实训-2026-07\ai-training\output\unmatched_medicine_review\images\38.jpg,C:\Users\王鑫\OneDrive\桌面\ai-vision\软通动力实训-2026-07\软通动力实训-2026-07\ai-training\output\ocr_results\json\38.json,正品 | 白云山 | 穿心莲片 | 清热解毒，凉血消肿 | 白云山 | OTC | BYS | 指纹图谱 | 穿心莲片 | 穿心莲片 | (小片) | (小片) | [22》，对于心[商效颗]案 | 日t5，世收护成、[生产自期] | [产品照号] | 注，一83-4次。 | 每月区80月 | 广州白云山南记黄浦中药有武公司
reject,,,,40,敷尔佳积雪草舒缓修护贴,净含量：2g×5% | 教尔佳,5.953,0.98828,9,外用药,,,0,curated_rejected,人工数据库复核：修护贴产品展示，不能确认是药品。,C:\Users\王鑫\OneDrive\桌面\ai-vision\软通动力实训-2026-07\软通动力实训-2026-07\ai-training\data\yolo\medicine\images\train\images\40.jpg,C:\Users\王鑫\OneDrive\桌面\ai-vision\软通动力实训-2026-07\软通动力实训-2026-07\ai-training\output\unmatched_medicine_review\images\40.jpg,C:\Users\王鑫\OneDrive\桌面\ai-vision\软通动力实训-2026-07\软通动力实训-2026-07\ai-training\output\ocr_results\json\40.json,教尔佳 | FUERJIA | CENTELLA ASHATICA SOQTHING AND REPAIR MASK | 敷尔佳积雪草舒缓修护贴 | 净含量：2g×5%
,桂龙药膏,9,外用药,45,桂龙药膏,,11.999,0.9997,9,外用药,,,0,needs_review,数据集只有一个类别标签，仍需核对药名和类别,C:\Users\王鑫\OneDrive\桌面\ai-vision\软通动力实训-2026-07\软通动力实训-2026-07\ai-training\data\yolo\medicine\images\train\images\45.jpg,C:\Users\王鑫\OneDrive\桌面\ai-vision\软通动力实训-2026-07\软通动力实训-2026-07\ai-training\output\unmatched_medicine_review\images\45.jpg,C:\Users\王鑫\OneDrive\桌面\ai-vision\软通动力实训-2026-07\软通动力实训-2026-07\ai-training\output\ocr_results\json\45.json,OTC | 葛洪 | 桂龙药膏 | 202 | 商
reject,,,,62,红動中国红动正版商业素材,红动中国WWW.REDOCN.COM | 原创印剧用高精素材独家发布红动版权所有盗版转载必究,5.718,0.92946,0,感冒药,,,0,curated_rejected,人工数据库复核：带素材网站水印的包装设计图，不是真实药盒。,C:\Users\王鑫\OneDrive\桌面\ai-vision\软通动力实训-2026-07\软通动力实训-2026-07\ai-training\data\yolo\medicine\images\train\images\62.jpg,C:\Users\王鑫\OneDrive\桌面\ai-vision\软通动力实训-2026-07\软通动力实训-2026-07\ai-training\output\unmatched_medicine_review\images\62.jpg,C:\Users\王鑫\OneDrive\桌面\ai-vision\软通动力实训-2026-07\软通动力实训-2026-07\ai-training\output\ocr_results\json\62.json,红动中国WWW.REDOCN.COM | 红動中国红动正版商业素材 | 原创印剧用高精素材独家发布红动版权所有盗版转载必究 | OT0 | Coldmedicine | OTC | Coldmedicine | www.redocn.com | 编号：17767 (图片114素材网 www.tupian114.com)
,清咽片,,,65,清咽片,舌燥，咽下不利 | 清凉解热，生津止渴。用于,9.995,0.99876,0|17,感冒药|其它,,,0,needs_review,数据集含多个类别或缺少标签，必须人工选择,C:\Users\王鑫\OneDrive\桌面\ai-vision\软通动力实训-2026-07\软通动力实训-2026-07\ai-training\data\yolo\medicine\images\train\images\65.jpg,C:\Users\王鑫\OneDrive\桌面\ai-vision\软通动力实训-2026-07\软通动力实训-2026-07\ai-training\output\unmatched_medicine_review\images\65.jpg,C:\Users\王鑫\OneDrive\桌面\ai-vision\软通动力实训-2026-07\软通动力实训-2026-07\ai-training\output\ocr_results\json\65.json,批准文号：国药准字Z14021859 | OTC | 星宝 | 清咽片 | Qingyan Pian | 功能主治 | 清凉解热，生津止渴。用于 | 咽喉肿痛，声嘶音哑，口干 | 舌燥，咽下不利。 | 山西华元医药生物技术有限公司
,养血荣筋丸,17,其它,72,养血荣筋丸,北京同仁堂,11.993,0.99815,17,其它,,,0,needs_review,数据集只有一个类别标签，仍需核对药名和类别,C:\Users\王鑫\OneDrive\桌面\ai-vision\软通动力实训-2026-07\软通动力实训-2026-07\ai-training\data\yolo\medicine\images\train\images\72.jpg,C:\Users\王鑫\OneDrive\桌面\ai-vision\软通动力实训-2026-07\软通动力实训-2026-07\ai-training\output\unmatched_medicine_review\images\72.jpg,C:\Users\王鑫\OneDrive\桌面\ai-vision\软通动力实训-2026-07\软通动力实训-2026-07\ai-training\output\ocr_results\json\72.json,养血荣筋丸 | OTC | 北京同仁堂 | Yangxue Rongjin Wan | 每丸乘9克 每盒装10丸
,清咽片,17,其它,79,清咽片,舌燥，咽下不利 | 咽喉肿痛，声晰音哑，口干,10.0,0.99989,17,其它,,,0,needs_review,数据集只有一个类别标签，仍需核对药名和类别,C:\Users\王鑫\OneDrive\桌面\ai-vision\软通动力实训-2026-07\软通动力实训-2026-07\ai-training\data\yolo\medicine\images\train\images\79.jpg,C:\Users\王鑫\OneDrive\桌面\ai-vision\软通动力实训-2026-07\软通动力实训-2026-07\ai-training\output\unmatched_medicine_review\images\79.jpg,C:\Users\王鑫\OneDrive\桌面\ai-vision\软通动力实训-2026-07\软通动力实训-2026-07\ai-training\output\ocr_results\json\79.json,OTC | 清咽片 | 德众 | DEZHONG | 每盒装24片 | 功能主治 | 清凉解热，生津止渴，用于 | 咽喉肿痛，声晰音哑，口干 | 舌燥，咽下不利。 | 国药集团德众(佛山)药业有限公司
reject,,,,81,陆尔草牌聚邦片,工艺:烫金 | 纸上印包装样品,11.997,0.99918,17,其它,,,0,curated_rejected,人工数据库复核：包装工艺样品，不是可确认药品。,C:\Users\王鑫\OneDrive\桌面\ai-vision\软通动力实训-2026-07\软通动力实训-2026-07\ai-training\data\yolo\medicine\images\train\images\81.jpg,C:\Users\王鑫\OneDrive\桌面\ai-vision\软通动力实训-2026-07\软通动力实训-2026-07\ai-training\output\unmatched_medicine_review\images\81.jpg,C:\Users\王鑫\OneDrive\桌面\ai-vision\软通动力实训-2026-07\软通动力实训-2026-07\ai-training\output\ocr_results\json\81.json,骨康源 | 工艺:烫金 | 烫银V | 陆尔草牌聚邦片 | 纸上印包装样品
,每方瓜子金颗粒,,,86,每方瓜子金颗粒,让咳靴艳颗粒 | 小荣胡微粒,11.783,0.94579,1|17,止咳化痰|其它,,,0,needs_review,数据集含多个类别或缺少标签，必须人工选择,C:\Users\王鑫\OneDrive\桌面\ai-vision\软通动力实训-2026-07\软通动力实训-2026-07\ai-training\data\yolo\medicine\images\train\images\86.jpg,C:\Users\王鑫\OneDrive\桌面\ai-vision\软通动力实训-2026-07\软通动力实训-2026-07\ai-training\output\unmatched_medicine_review\images\86.jpg,C:\Users\王鑫\OneDrive\桌面\ai-vision\软通动力实训-2026-07\软通动力实训-2026-07\ai-training\output\ocr_results\json\86.json,HVMNIING | 小荣胡微粒 | 每方瓜子金颗粒 | 让咳靴艳颗粒 | 6 | 10袋
reject,,,,92,包装设计案例-药浴,妇健修复 | 安神信健,5.999,0.99982,17,其它,,,0,curated_rejected,人工数据库复核：药浴包装设计案例，不是药品。,C:\Users\王鑫\OneDrive\桌面\ai-vision\软通动力实训-2026-07\软通动力实训-2026-07\ai-training\data\yolo\medicine\images\train\images\92.jpg,C:\Users\王鑫\OneDrive\桌面\ai-vision\软通动力实训-2026-07\软通动力实训-2026-07\ai-training\output\unmatched_medicine_review\images\92.jpg,C:\Users\王鑫\OneDrive\桌面\ai-vision\软通动力实训-2026-07\软通动力实训-2026-07\ai-training\output\ocr_results\json\92.json,包装设计案例-药浴 | 安神信健 | 妇健修复 | 儿童药浴 | 排车养颜 | 活络扶风 | 温晋四元 | 笔圣十方 | 笔圣十方
reject,,,,109,妇健修复,温肾固元 | 活络祛风,6.0,0.99995,13|14|17,中成药|妇科用药|其它,,,0,curated_rejected,人工数据库复核：药浴礼盒设计，不是可确认药品。,C:\Users\王鑫\OneDrive\桌面\ai-vision\软通动力实训-2026-07\软通动力实训-2026-07\ai-training\data\yolo\medicine\images\train\images\109.jpg,C:\Users\王鑫\OneDrive\桌面\ai-vision\软通动力实训-2026-07\软通动力实训-2026-07\ai-training\output\unmatched_medicine_review\images\109.jpg,C:\Users\王鑫\OneDrive\桌面\ai-vision\软通动力实训-2026-07\软通动力实训-2026-07\ai-training\output\ocr_results\json\109.json,电基十方 | 安神倍健 | 电易十方 | 妇健修复 | 儿童药浴 | 宽圣十方 | 排毒养颜 | 活络祛风 | 温肾固元
reject,,,,111,宠物营养补充剂,卵磷脂：软数粒 | 卵磷脂（软赖粒,6.0,0.99991,17,其它,16,保健品,6,curated_rejected,人工数据库复核：宠物营养补充剂，不属于人用药品数据库。,C:\Users\王鑫\OneDrive\桌面\ai-vision\软通动力实训-2026-07\软通动力实训-2026-07\ai-training\data\yolo\medicine\images\train\images\111.jpg,C:\Users\王鑫\OneDrive\桌面\ai-vision\软通动力实训-2026-07\软通动力实训-2026-07\ai-training\output\unmatched_medicine_review\images\111.jpg,C:\Users\王鑫\OneDrive\桌面\ai-vision\软通动力实训-2026-07\软通动力实训-2026-07\ai-training\output\ocr_results\json\111.json,ittastes | 2 | ittastes | Supplements | Supplements | Find i more suiable ror it tastes | 宠物营养补充剂 | 卵磷脂：软数粒 | 宠物营养补充剂 | Find i more sutoblo ror it tastes | Booutyhor brghttolor | Xngsstenoftalremoval | 卵磷脂（软赖粒 | 美毛夹也 | tangsstemdfhairmmoval | Boautyharbrghtcolor | 美毛宾色 | NET: | 260g | Rigttngtioo | 1260 | NET: | Cold pressing techology lly retana
,,14,妇科用药,115,,,0.0,0.0,14,妇科用药,,,0,medicine_name_missing,数据集只有一个类别标签，仍需核对药名和类别,C:\Users\王鑫\OneDrive\桌面\ai-vision\软通动力实训-2026-07\软通动力实训-2026-07\ai-training\data\yolo\medicine\images\train\images\115.jpg,C:\Users\王鑫\OneDrive\桌面\ai-vision\软通动力实训-2026-07\软通动力实训-2026-07\ai-training\output\unmatched_medicine_review\images\115.jpg,C:\Users\王鑫\OneDrive\桌面\ai-vision\软通动力实训-2026-07\软通动力实训-2026-07\ai-training\output\ocr_results\json\115.json,OC | CC | RX | Mifestad 10 | 10 | Mifepristone | STELLA
,性状]本品内容物为类白色至淡黄色丸状颗粒,2,消炎药,118,性状]本品内容物为类白色至淡黄色丸状颗粒,藏密封，在阴凉(不超过20℃)干燥处保存,9.933,0.98335,2,消炎药,,,0,needs_review,数据集只有一个类别标签，仍需核对药名和类别,C:\Users\王鑫\OneDrive\桌面\ai-vision\软通动力实训-2026-07\软通动力实训-2026-07\ai-training\data\yolo\medicine\images\train\images\118.jpg,C:\Users\王鑫\OneDrive\桌面\ai-vision\软通动力实训-2026-07\软通动力实训-2026-07\ai-training\output\unmatched_medicine_review\images\118.jpg,C:\Users\王鑫\OneDrive\桌面\ai-vision\软通动力实训-2026-07\软通动力实训-2026-07\ai-training\output\ocr_results\json\118.json,[成 份]本品主要成份为伊曲康唑。 | [性 状]本品内容物为类白色至淡黄色丸状颗粒。 | [用法用量].[禁忌].|不良反应]、[注意事项]等内容详见说明书。 | [规格] 0.1g | [包 装]药品包装用PTP铝箔/药用PVC硬片包装，7粒/板×2板/盒。 |  藏密封，在阴凉(不超过20℃)干燥处保存。 | 6923528102121>
reject,,,,123,愈圣千方,瑶浴礼盒 | 電圣十方,5.994,0.99857,17,其它,,,0,curated_rejected,人工数据库复核：瑶浴礼盒，不是可确认药品。,C:\Users\王鑫\OneDrive\桌面\ai-vision\软通动力实训-2026-07\软通动力实训-2026-07\ai-training\data\yolo\medicine\images\train\images\123.jpg,C:\Users\王鑫\OneDrive\桌面\ai-vision\软通动力实训-2026-07\软通动力实训-2026-07\ai-training\output\unmatched_medicine_review\images\123.jpg,C:\Users\王鑫\OneDrive\桌面\ai-vision\软通动力实训-2026-07\软通动力实训-2026-07\ai-training\output\ocr_results\json\123.json,愈圣千方 | 瑶浴礼盒 | 電圣十方
,,17,其它,133,,,0.0,0.0,17,其它,,,0,medicine_name_missing,数据集只有一个类别标签，仍需核对药名和类别,C:\Users\王鑫\OneDrive\桌面\ai-vision\软通动力实训-2026-07\软通动力实训-2026-07\ai-training\data\yolo\medicine\images\train\images\133.jpg,C:\Users\王鑫\OneDrive\桌面\ai-vision\软通动力实训-2026-07\软通动力实训-2026-07\ai-training\output\unmatched_medicine_review\images\133.jpg,C:\Users\王鑫\OneDrive\桌面\ai-vision\软通动力实训-2026-07\软通动力实训-2026-07\ai-training\output\ocr_results\json\133.json,纸 | 农 | 南 | HEAVY | DUTY
reject,,,,143,壹立设计:0756-8666114,特新阳光 | 旺旺：jianwen1900,5.951,0.98786,17,其它,,,0,curated_rejected,人工数据库复核：包装设计联系方式图片，不是药品。,C:\Users\王鑫\OneDrive\桌面\ai-vision\软通动力实训-2026-07\软通动力实训-2026-07\ai-training\data\yolo\medicine\images\train\images\143.jpg,C:\Users\王鑫\OneDrive\桌面\ai-vision\软通动力实训-2026-07\软通动力实训-2026-07\ai-training\output\unmatched_medicine_review\images\143.jpg,C:\Users\王鑫\OneDrive\桌面\ai-vision\软通动力实训-2026-07\软通动力实训-2026-07\ai-training\output\ocr_results\json\143.json,veei | 天支 | 天支 | Ganzhi | Ganzhi | MD | SRSCEUTAPRANRCAUN | 60 | 特新阳光 | MING UNDN BO ONGNIING NAITUTE | 60 | 旺旺：jianwen1900 | 壹立设计:0756-8666114
reject,,,,151,某某化滞颗粒,某某化温颗粒 | 某某化深颗粒,11.994,0.99858,13,中成药,,,0,curated_rejected,人工数据库复核：使用“某某”占位名称的包装模板。,C:\Users\王鑫\OneDrive\桌面\ai-vision\软通动力实训-2026-07\软通动力实训-2026-07\ai-training\data\yolo\medicine\images\train\images\151.jpg,C:\Users\王鑫\OneDrive\桌面\ai-vision\软通动力实训-2026-07\软通动力实训-2026-07\ai-training\output\unmatched_medicine_review\images\151.jpg,C:\Users\王鑫\OneDrive\桌面\ai-vision\软通动力实训-2026-07\软通动力实训-2026-07\ai-training\output\ocr_results\json\151.json,某属化深职校 | 2 | 某某化温颗粒 | 某某化滞政粒 | 某某化深颗粒 | 某某化滞颗粒 | OHOHHNMIADIREU | 12室 | R | PE.N ASO () | .+0 | 某某化滞颗粒 | QING GAN HUA ZHI KE LI | 位 | 10袋/盒 | 一8单 | 10818 | 编号：10212599 | 红动中国 (www.redocn.com) | m20160812102540
,用于治疗乙型肝炎，食道端和神植衰弱,17,其它,157,用于治疗乙型肝炎，食道端和神植衰弱,动能与主治】共免疫源作边统 | 促进乙型析炎表面,5.109,0.7772,17,其它,,,0,needs_review,数据集只有一个类别标签，仍需核对药名和类别,C:\Users\王鑫\OneDrive\桌面\ai-vision\软通动力实训-2026-07\软通动力实训-2026-07\ai-training\data\yolo\medicine\images\train\images\157.jpg,C:\Users\王鑫\OneDrive\桌面\ai-vision\软通动力实训-2026-07\软通动力实训-2026-07\ai-training\output\unmatched_medicine_review\images\157.jpg,C:\Users\王鑫\OneDrive\桌面\ai-vision\软通动力实训-2026-07\软通动力实训-2026-07\ai-training\output\ocr_results\json\157.json,树舌 | 用于治疗乙型肝炎，食道端和神植衰弱。 | 【动能与主治】共免疫源作边统 | 促进乙型析炎表面 | 6克/袋+9袋 | 树舌 | 树舌 | 山东济南三源药业有限公司 | SHNDONG JNAN SANYUANMEDCNE CO LUTO | 山东济南三源药企有理位 | (E | 公东济南三源汽全有限公司 | 零三
,,17,其它,164,,,0.0,0.0,17,其它,,,0,medicine_name_missing,数据集只有一个类别标签，仍需核对药名和类别,C:\Users\王鑫\OneDrive\桌面\ai-vision\软通动力实训-2026-07\软通动力实训-2026-07\ai-training\data\yolo\medicine\images\train\images\164.jpg,C:\Users\王鑫\OneDrive\桌面\ai-vision\软通动力实训-2026-07\软通动力实训-2026-07\ai-training\output\unmatched_medicine_review\images\164.jpg,C:\Users\王鑫\OneDrive\桌面\ai-vision\软通动力实训-2026-07\软通动力实训-2026-07\ai-training\output\ocr_results\json\164.json,choar gml bon ank | CURIOSIN_ | CURIOSIN | thow pl 3in al | CURIOSIN. | CUROSIN.
reject,,,,168,收纳后,收纳前,3.991,0.9978,4,退烧药,,,0,curated_rejected,人工数据库复核：药品收纳用品广告，不是药盒。,C:\Users\王鑫\OneDrive\桌面\ai-vision\软通动力实训-2026-07\软通动力实训-2026-07\ai-training\data\yolo\medicine\images\train\images\168.jpg,C:\Users\王鑫\OneDrive\桌面\ai-vision\软通动力实训-2026-07\软通动力实训-2026-07\ai-training\output\unmatched_medicine_review\images\168.jpg,C:\Users\王鑫\OneDrive\桌面\ai-vision\软通动力实训-2026-07\软通动力实训-2026-07\ai-training\output\ocr_results\json\168.json,收纳前 | 收纳后
reject,,,,170,透明外盖防灰防,,6.0,0.99998,4,退烧药,,,0,curated_rejected,人工数据库复核：药品收纳用品广告，不是药盒。,C:\Users\王鑫\OneDrive\桌面\ai-vision\软通动力实训-2026-07\软通动力实训-2026-07\ai-training\data\yolo\medicine\images\train\images\170.jpg,C:\Users\王鑫\OneDrive\桌面\ai-vision\软通动力实训-2026-07\软通动力实训-2026-07\ai-training\output\unmatched_medicine_review\images\170.jpg,C:\Users\王鑫\OneDrive\桌面\ai-vision\软通动力实训-2026-07\软通动力实训-2026-07\ai-training\output\ocr_results\json\170.json,透明外盖防灰防
,,17,其它,179,,,0.0,0.0,17,其它,,,0,medicine_name_missing,数据集只有一个类别标签，仍需核对药名和类别,C:\Users\王鑫\OneDrive\桌面\ai-vision\软通动力实训-2026-07\软通动力实训-2026-07\ai-training\data\yolo\medicine\images\train\images\179.jpg,C:\Users\王鑫\OneDrive\桌面\ai-vision\软通动力实训-2026-07\软通动力实训-2026-07\ai-training\output\unmatched_medicine_review\images\179.jpg,C:\Users\王鑫\OneDrive\桌面\ai-vision\软通动力实训-2026-07\软通动力实训-2026-07\ai-training\output\ocr_results\json\179.json,SCLAREBOX | MOCKUP | SOEE HIT INGUIGES
,社世界充满爱,5,肠胃药,180,社世界充满爱,让通仙遍布世界 | Ind3al通仙,5.753,0.93817,5,肠胃药,,,0,needs_review,数据集只有一个类别标签，仍需核对药名和类别,C:\Users\王鑫\OneDrive\桌面\ai-vision\软通动力实训-2026-07\软通动力实训-2026-07\ai-training\data\yolo\medicine\images\train\images\180.jpg,C:\Users\王鑫\OneDrive\桌面\ai-vision\软通动力实训-2026-07\软通动力实训-2026-07\ai-training\output\unmatched_medicine_review\images\180.jpg,C:\Users\王鑫\OneDrive\桌面\ai-vision\软通动力实训-2026-07\软通动力实训-2026-07\ai-training\output\ocr_results\json\180.json,Ind3al通仙 | SOPIC | 让通仙遍布世界 | 社世界充满爱
reject,,,,181,产品批号,假货镭射 | 正品射,5.999,0.99969,17,其它,,,0,curated_rejected,人工数据库复核：防伪标签展示，无法确认药品名称。,C:\Users\王鑫\OneDrive\桌面\ai-vision\软通动力实训-2026-07\软通动力实训-2026-07\ai-training\data\yolo\medicine\images\train\images\181.jpg,C:\Users\王鑫\OneDrive\桌面\ai-vision\软通动力实训-2026-07\软通动力实训-2026-07\ai-training\output\unmatched_medicine_review\images\181.jpg,C:\Users\王鑫\OneDrive\桌面\ai-vision\软通动力实训-2026-07\软通动力实训-2026-07\ai-training\output\ocr_results\json\181.json,正品射 | 生产日期： | 产品批号： | 有效期至： | 假货镭射 | 2019/09/09 | 生产日期： | 20190909 | 产品批号： | 2022/090/09 | 有效期至：
,,17,其它,184,,,0.0,0.0,17,其它,,,0,medicine_name_missing,数据集只有一个类别标签，仍需核对药名和类别,C:\Users\王鑫\OneDrive\桌面\ai-vision\软通动力实训-2026-07\软通动力实训-2026-07\ai-training\data\yolo\medicine\images\train\images\184.jpg,C:\Users\王鑫\OneDrive\桌面\ai-vision\软通动力实训-2026-07\软通动力实训-2026-07\ai-training\output\unmatched_medicine_review\images\184.jpg,C:\Users\王鑫\OneDrive\桌面\ai-vision\软通动力实训-2026-07\软通动力实训-2026-07\ai-training\output\ocr_results\json\184.json,VERALGUX | 2509 | VERALGUX | VERALGUX | 50010G) | VERALGUX | 260m19 | VERALGUX | 125mg | VERALGUX | 125mg
reject,,,,185,小电素材铺,小包影洁铺,5.209,0.8023,17,其它,,,0,curated_rejected,人工数据库复核：设计素材图片，不是药品。,C:\Users\王鑫\OneDrive\桌面\ai-vision\软通动力实训-2026-07\软通动力实训-2026-07\ai-training\data\yolo\medicine\images\train\images\185.jpg,C:\Users\王鑫\OneDrive\桌面\ai-vision\软通动力实训-2026-07\软通动力实训-2026-07\ai-training\output\unmatched_medicine_review\images\185.jpg,C:\Users\王鑫\OneDrive\桌面\ai-vision\软通动力实训-2026-07\软通动力实训-2026-07\ai-training\output\ocr_results\json\185.json,Square.Box | 0.1 | Square.Box | 小包影洁铺 | mocuprtsouce | Crutivn Soowe | Square.Box | 0.1 | Square.Box | 小电素材铺 | modkup resource | Critive.Scene
,祛风止痒口服液,9,外用药,195,祛风止痒口服液,泰华堂,11.998,0.99958,9,外用药,,,0,needs_review,数据集只有一个类别标签，仍需核对药名和类别,C:\Users\王鑫\OneDrive\桌面\ai-vision\软通动力实训-2026-07\软通动力实训-2026-07\ai-training\data\yolo\medicine\images\train\images\195.jpg,C:\Users\王鑫\OneDrive\桌面\ai-vision\软通动力实训-2026-07\软通动力实训-2026-07\ai-training\output\unmatched_medicine_review\images\195.jpg,C:\Users\王鑫\OneDrive\桌面\ai-vision\软通动力实训-2026-07\软通动力实训-2026-07\ai-training\output\ocr_results\json\195.json,泰华堂 | 【批准文号】国药准字B20020371 | 祛风止痒口服液 | QUFENG ZHIYANG KOUFUYE | 10ml×6支 | 四川泰华堂制药有限公司
reject,,,,197,默克达美,本产品符合饲料卫生标准 | 本产品符合饲科卫生标准,5.999,0.99977,17,其它,,,0,curated_rejected,人工数据库复核：动物饲料相关产品，不属于人用药品数据库。,C:\Users\王鑫\OneDrive\桌面\ai-vision\软通动力实训-2026-07\软通动力实训-2026-07\ai-training\data\yolo\medicine\images\train\images\197.jpg,C:\Users\王鑫\OneDrive\桌面\ai-vision\软通动力实训-2026-07\软通动力实训-2026-07\ai-training\output\unmatched_medicine_review\images\197.jpg,C:\Users\王鑫\OneDrive\桌面\ai-vision\软通动力实训-2026-07\软通动力实训-2026-07\ai-training\output\ocr_results\json\197.json,"默克达美 | 默克达美 | Only·dam | Only·dam° | 本产品符合饲料卫生标准 | 本产品符合饲料卫生标准 | Q0113MKV001-2020 | Q0113MM/001-2020 | 唯可解 | 唯可解 | BESTVIM | MERXOW MREA | MERKDU MREA | 1.7fl.oz/vial/box | 1.7fl.oz/vial/box | 济南凰克达美生物工程有限公司 | 苏路新克达美生排工程有限公司 | 2200区 4006819 | /：400626 109 | 此处接压开启 | 此财按建 | Crde eracd f pocir ttur | 'MERCKDAM"" | Cdredact o'pxor toerr | 'MERCKDAM"" | 默克达美 | 默克达美 | 本产品符合饲料卫生标准 | Only·dam | 本产品符合饲科卫生标准 | Only | Q/0113M0/001-22 | Q113M0M001-20 | 唯可解 | MERCKDON R | 1.7fl.oz/vial/box | MEROKON MR | 1.7 | 济南默克达美生机工程有限公司 | 济南默克达美生银工程有限公司 | 全国电营电话：4070636108 | 技术报务用站：wwuber | 此处按区开启 | 此处报压开启 | KDAM | Ctce ndatopaar ber | MERCKDAM | Ctoe etacro pair boer | 克达美 | 默克达美 | 动设计 | nly·dam | 本产品符合饲料卫生标准 | Only·dam | 本产品符合饲科卫生标准 | O0113M04001-2220 | Q10113M01001-2020"
,,17,其它,203,,,0.0,0.0,17,其它,,,0,medicine_name_missing,数据集只有一个类别标签，仍需核对药名和类别,C:\Users\王鑫\OneDrive\桌面\ai-vision\软通动力实训-2026-07\软通动力实训-2026-07\ai-training\data\yolo\medicine\images\train\images\203.jpg,C:\Users\王鑫\OneDrive\桌面\ai-vision\软通动力实训-2026-07\软通动力实训-2026-07\ai-training\output\unmatched_medicine_review\images\203.jpg,C:\Users\王鑫\OneDrive\桌面\ai-vision\软通动力实训-2026-07\软通动力实训-2026-07\ai-training\output\ocr_results\json\203.json,BLONEPRPLE | KERATOECEB | please contact us in time. We | product or refund it. Thank | SITCER | satisfied with the product or | pur   onot | Thank you for your
reject,,,,210,家庭医药箱,大容量好分类,6.0,0.99997,17,其它,,,0,curated_rejected,人工数据库复核：家庭药品收纳箱，不是药品。,C:\Users\王鑫\OneDrive\桌面\ai-vision\软通动力实训-2026-07\软通动力实训-2026-07\ai-training\data\yolo\medicine\images\train\images\210.jpg,C:\Users\王鑫\OneDrive\桌面\ai-vision\软通动力实训-2026-07\软通动力实训-2026-07\ai-training\output\unmatched_medicine_review\images\210.jpg,C:\Users\王鑫\OneDrive\桌面\ai-vision\软通动力实训-2026-07\软通动力实训-2026-07\ai-training\output\ocr_results\json\210.json,新品 | 家庭医药箱 | 大容量好分类
,,17,其它,216,,,0.0,0.0,17,其它,,,0,medicine_name_missing,数据集只有一个类别标签，仍需核对药名和类别,C:\Users\王鑫\OneDrive\桌面\ai-vision\软通动力实训-2026-07\软通动力实训-2026-07\ai-training\data\yolo\medicine\images\train\images\216.jpg,C:\Users\王鑫\OneDrive\桌面\ai-vision\软通动力实训-2026-07\软通动力实训-2026-07\ai-training\output\unmatched_medicine_review\images\216.jpg,C:\Users\王鑫\OneDrive\桌面\ai-vision\软通动力实训-2026-07\软通动力实训-2026-07\ai-training\output\ocr_results\json\216.json,
,湿毒清片,9,外用药,219,湿毒清片,养血润燥，化湿解毒，祛风止痒。用 | 于皮肤瘙痒症属血虚湿蕴皮肤证者,11.999,0.99976,9,外用药,,,4,needs_review,数据集只有一个类别标签，仍需核对药名和类别,C:\Users\王鑫\OneDrive\桌面\ai-vision\软通动力实训-2026-07\软通动力实训-2026-07\ai-training\data\yolo\medicine\images\train\images\219.jpg,C:\Users\王鑫\OneDrive\桌面\ai-vision\软通动力实训-2026-07\软通动力实训-2026-07\ai-training\output\unmatched_medicine_review\images\219.jpg,C:\Users\王鑫\OneDrive\桌面\ai-vision\软通动力实训-2026-07\软通动力实训-2026-07\ai-training\output\ocr_results\json\219.json,诺金 | 国药准字Z20050218 OTC | 湿毒清片 | Shiduqing Pian | 养血润燥，化湿解毒，祛风止痒。用 | 于皮肤瘙痒症属血虚湿蕴皮肤证者 | 每盒48片 | 广州诺金制药有限公司
reject,,,,228,健牌糕片,包装效果图,11.215,0.80364,17,其它,,,0,curated_rejected,人工数据库复核：包装效果图，无法确认真实药品。,C:\Users\王鑫\OneDrive\桌面\ai-vision\软通动力实训-2026-07\软通动力实训-2026-07\ai-training\data\yolo\medicine\images\train\images\228.jpg,C:\Users\王鑫\OneDrive\桌面\ai-vision\软通动力实训-2026-07\软通动力实训-2026-07\ai-training\output\unmatched_medicine_review\images\228.jpg,C:\Users\王鑫\OneDrive\桌面\ai-vision\软通动力实训-2026-07\软通动力实训-2026-07\ai-training\output\ocr_results\json\228.json,包装效果图 | 上天 | 42 | 健牌糕片 | μ | h | MN | 150006 | 东()
,清咽片,2,消炎药,233,清咽片,天津同仁堂 | 同仁堂,9.999,0.99986,2,消炎药,,,0,needs_review,数据集只有一个类别标签，仍需核对药名和类别,C:\Users\王鑫\OneDrive\桌面\ai-vision\软通动力实训-2026-07\软通动力实训-2026-07\ai-training\data\yolo\medicine\images\train\images\233.jpg,C:\Users\王鑫\OneDrive\桌面\ai-vision\软通动力实训-2026-07\软通动力实训-2026-07\ai-training\output\unmatched_medicine_review\images\233.jpg,C:\Users\王鑫\OneDrive\桌面\ai-vision\软通动力实训-2026-07\软通动力实训-2026-07\ai-training\output\ocr_results\json\233.json,天津同仁堂 | 清咽片 | OTC | TAIYANE | 同仁堂 | 国药准字Z12020018 | 0.25克×20片×2板 | 天津同仁堂集团股份有限公司
reject,,,,236,编号：2103032,风尘雨露 | 国R车120/525456,5.994,0.99843,17,其它,,,0,curated_rejected,人工数据库复核：无有效药品名称的素材图。,C:\Users\王鑫\OneDrive\桌面\ai-vision\软通动力实训-2026-07\软通动力实训-2026-07\ai-training\data\yolo\medicine\images\train\images\236.jpg,C:\Users\王鑫\OneDrive\桌面\ai-vision\软通动力实训-2026-07\软通动力实训-2026-07\ai-training\output\unmatched_medicine_review\images\236.jpg,C:\Users\王鑫\OneDrive\桌面\ai-vision\软通动力实训-2026-07\软通动力实训-2026-07\ai-training\output\ocr_results\json\236.json,T动中INWWW.REDOCN.COM | 国R车120/525456 | 美节炎 | 河南药品制药有限公司 | 6/盒外 | 编号：2103032 | 红动中国(www.redocn.com) | 风尘雨露
reject,,,,237,研值培房非球面盖光调过,被他此示性入工最法性,4.742,0.6856,17,其它,,,0,curated_rejected,人工数据库复核：OCR 与图像均无法确认药品名称。,C:\Users\王鑫\OneDrive\桌面\ai-vision\软通动力实训-2026-07\软通动力实训-2026-07\ai-training\data\yolo\medicine\images\train\images\237.jpg,C:\Users\王鑫\OneDrive\桌面\ai-vision\软通动力实训-2026-07\软通动力实训-2026-07\ai-training\output\unmatched_medicine_review\images\237.jpg,C:\Users\王鑫\OneDrive\桌面\ai-vision\软通动力实训-2026-07\软通动力实训-2026-07\ai-training\output\ocr_results\json\237.json,INTRAOCULAR LENS | 被他此示性入工最法性 | CH | INTRAOCULAR LENS | POSTERIOR CHAMBER | - FOLD | 研值 培房 非球面 盖光调过 | ASPHERIC SURFACE | BEUE  LTONN
