output_image,background_image,donor_image,donor_key,class_id,class_name,donor_use,polygon_pixels
D:\ai-vision-training\datasets\medicine_copypaste\train\images\copypaste_0001.jpg,D:\ai-vision-training\datasets\medicine_hardneg\train\images\train_94_bfae854d41.jpg,D:\ai-vision-training\datasets\medicine_hardneg\train\images\train_75_bb2d1a4a0c.jpg,da57f947cc4452d4298e,3,止痛药,1,10.22 307.58 184.15 307.49 184.19 374.47 10.26 374.56
D:\ai-vision-training\datasets\medicine_copypaste\train\images\copypaste_0002.jpg,D:\ai-vision-training\datasets\medicine_hardneg\train\images\train_2720_43e9a58868.jpg,D:\ai-vision-training\datasets\medicine_hardneg\train\images\train_1311_43571d871d.jpg,eda388ef73ad0cec9ecb,3,止痛药,1,244.89 430.55 508.61 393.36 529.58 542.09 265.86 579.28
D:\ai-vision-training\datasets\medicine_copypaste\train\images\copypaste_0002.jpg,D:\ai-vision-training\datasets\medicine_hardneg\train\images\train_2720_43e9a58868.jpg,D:\ai-vision-training\datasets\medicine_hardneg\train\images\train_569_6aee7d8123.jpg,6ff893edcbbf83eb2fe3,8,抗过敏药,1,58.25 341.59 214.76 351.69 198.15 609.07 41.65 598.97
D:\ai-vision-training\datasets\medicine_copypaste\train\images\copypaste_0003.jpg,D:\ai-vision-training\datasets\medicine_hardneg\train\images\train_2715_c79da49187.jpg,D:\ai-vision-training\datasets\medicine_hardneg\train\images\train_12_34de2f911c.jpg,e5560e2f31075792aecd,6,泻药通便,1,102.83 443.94 229.59 465.39 203.61 618.90 76.85 597.45
D:\ai-vision-training\datasets\medicine_copypaste\train\images\copypaste_0003.jpg,D:\ai-vision-training\datasets\medicine_hardneg\train\images\train_2715_c79da49187.jpg,D:\ai-vision-training\datasets\medicine_hardneg\train\images\train_2388_963ce2eb78.jpg,5acba4ced862cdcc7da0,3,止痛药,1,191.35 457.25 430.52 405.48 458.72 535.75 219.55 587.52
D:\ai-vision-training\datasets\medicine_copypaste\train\images\copypaste_0004.jpg,D:\ai-vision-training\datasets\medicine_hardneg\train\images\train_2094_7b1b472095.jpg,D:\ai-vision-training\datasets\medicine_hardneg\train\images\train_12_34de2f911c.jpg,e5560e2f31075792aecd,6,泻药通便,2,88.61 56.19 223.97 63.95 214.57 227.87 79.22 220.12
D:\ai-vision-training\datasets\medicine_copypaste\train\images\copypaste_0004.jpg,D:\ai-vision-training\datasets\medicine_hardneg\train\images\train_2094_7b1b472095.jpg,D:\ai-vision-training\datasets\medicine_hardneg\train\images\train_75_bb2d1a4a0c.jpg,da57f947cc4452d4298e,3,止痛药,2,317.57 463.51 595.20 444.46 602.54 551.38 324.91 570.43
D:\ai-vision-training\datasets\medicine_copypaste\train\images\copypaste_0005.jpg,D:\ai-vision-training\datasets\medicine_hardneg\train\images\train_942_aaeb42fa0e.jpg,D:\ai-vision-training\datasets\medicine_hardneg\train\images\train_383_f2ccbac9e3.jpg,452f41319c0e0c4eaf0b,16,保健品,1,49.90 62.55 223.97 63.86 221.93 334.86 47.87 333.55
D:\ai-vision-training\datasets\medicine_copypaste\train\images\copypaste_0005.jpg,D:\ai-vision-training\datasets\medicine_hardneg\train\images\train_942_aaeb42fa0e.jpg,D:\ai-vision-training\datasets\medicine_hardneg\train\images\train_3248_61cda2e4a2.jpg,a1215ce1784396b0dc0a,8,抗过敏药,1,332.29 474.77 467.16 314.57 605.80 431.29 470.94 591.49
D:\ai-vision-training\datasets\medicine_copypaste\train\images\copypaste_0006.jpg,D:\ai-vision-training\datasets\medicine_hardneg\train\images\train_2053_6fec0c1d94.jpg,D:\ai-vision-training\datasets\medicine_hardneg\train\images\train_3213_3c777f3fb5.jpg,96748b29c7bab38b1c05,8,抗过敏药,1,96.06 60.04 210.83 82.73 167.37 302.60 52.61 279.92
D:\ai-vision-training\datasets\medicine_copypaste\train\images\copypaste_0006.jpg,D:\ai-vision-training\datasets\medicine_hardneg\train\images\train_2053_6fec0c1d94.jpg,D:\ai-vision-training\datasets\medicine_hardneg\train\images\train_401_b9587582fa.jpg,250439523795e039b744,16,保健品,1,323.17 407.64 598.95 421.46 588.87 622.59 313.09 608.77
D:\ai-vision-training\datasets\medicine_copypaste\train\images\copypaste_0007.jpg,D:\ai-vision-training\datasets\medicine_hardneg\train\images\train_2570_eba50cfdcb.jpg,D:\ai-vision-training\datasets\medicine_hardneg\train\images\train_126_d3829d532f.jpg,929bcec570348b708cd9,14,妇科用药,1,181.40 9.37 455.63 46.25 435.66 194.67 161.44 157.79
D:\ai-vision-training\datasets\medicine_copypaste\train\images\copypaste_0007.jpg,D:\ai-vision-training\datasets\medicine_hardneg\train\images\train_2570_eba50cfdcb.jpg,D:\ai-vision-training\datasets\medicine_hardneg\train\images\train_357_f77e82faa4.jpg,e46a5d4d3957b9f7ac54,16,保健品,1,15.67 368.26 142.59 370.67 138.01 612.01 11.10 609.60
D:\ai-vision-training\datasets\medicine_copypaste\train\images\copypaste_0008.jpg,D:\ai-vision-training\datasets\medicine_hardneg\train\images\train_2043_39354e8e78.jpg,D:\ai-vision-training\datasets\medicine_hardneg\train\images\train_12_34de2f911c.jpg,e5560e2f31075792aecd,6,泻药通便,3,331.55 117.16 499.49 102.12 517.71 305.51 349.77 320.55
D:\ai-vision-training\datasets\medicine_copypaste\train\images\copypaste_0008.jpg,D:\ai-vision-training\datasets\medicine_hardneg\train\images\train_2043_39354e8e78.jpg,D:\ai-vision-training\datasets\medicine_hardneg\train\images\train_109_c00c4d2598.jpg,b1ef02c56828fca589fa,14,妇科用药,1,23.10 434.86 152.54 414.89 179.87 591.96 50.43 611.94
D:\ai-vision-training\datasets\medicine_copypaste\train\images\copypaste_0009.jpg,D:\ai-vision-training\datasets\medicine_hardneg\train\images\train_206_322de5dc27.jpg,D:\ai-vision-training\datasets\medicine_hardneg\train\images\train_262_462550fa86.jpg,74d7eb98fbd3ceec5e76,12,心血管药,1,29.97 8.20 245.75 13.83 242.91 122.45 27.13 116.82
D:\ai-vision-training\datasets\medicine_copypaste\train\images\copypaste_0010.jpg,D:\ai-vision-training\datasets\medicine_hardneg\train\images\train_1931_a8bb0d54ed.jpg,D:\ai-vision-training\datasets\medicine_hardneg\train\images\train_308_9171c0b32b.jpg,08794d9792124888e766,16,保健品,1,68.43 69.00 180.94 82.22 164.05 226.00 51.54 212.78
D:\ai-vision-training\datasets\medicine_copypaste\train\images\copypaste_0010.jpg,D:\ai-vision-training\datasets\medicine_hardneg\train\images\train_1931_a8bb0d54ed.jpg,D:\ai-vision-training\datasets\medicine_hardneg\train\images\train_12_34de2f911c.jpg,e5560e2f31075792aecd,6,泻药通便,4,188.14 19.28 335.10 54.82 292.05 232.81 145.10 197.26
D:\ai-vision-training\datasets\medicine_copypaste\train\images\copypaste_0011.jpg,D:\ai-vision-training\datasets\medicine_hardneg\train\images\train_3304_ee0fae5935.jpg,D:\ai-vision-training\datasets\medicine_hardneg\train\images\train_3189_88ae8e2fbd.jpg,ff9f350504218bca5084,8,抗过敏药,1,109.40 22.67 225.92 21.21 229.16 279.08 112.65 280.55
D:\ai-vision-training\datasets\medicine_copypaste\train\images\copypaste_0011.jpg,D:\ai-vision-training\datasets\medicine_hardneg\train\images\train_3304_ee0fae5935.jpg,D:\ai-vision-training\datasets\medicine_hardneg\train\images\train_2604_5e445eda84.jpg,b23cb4532cfb43f4177e,12,心血管药,1,394.99 30.18 621.88 113.45 551.00 306.58 324.11 223.31
D:\ai-vision-training\datasets\medicine_copypaste\train\images\copypaste_0012.jpg,D:\ai-vision-training\datasets\medicine_hardneg\train\images\train_1274_e105e67e0c.jpg,D:\ai-vision-training\datasets\medicine_hardneg\train\images\train_309_de81375c16.jpg,9b9d877b5b11d77c8666,12,心血管药,1,323.50 411.75 571.61 384.69 591.54 567.48 343.43 594.53
D:\ai-vision-training\datasets\medicine_copypaste\train\images\copypaste_0012.jpg,D:\ai-vision-training\datasets\medicine_hardneg\train\images\train_1274_e105e67e0c.jpg,D:\ai-vision-training\datasets\medicine_hardneg\train\images\train_405_88576718cf.jpg,45131d8b274614584f3a,14,妇科用药,1,79.05 464.19 354.42 491.36 340.39 633.56 65.02 606.39
D:\ai-vision-training\datasets\medicine_copypaste\train\images\copypaste_0013.jpg,D:\ai-vision-training\datasets\medicine_hardneg\train\images\train_2434_373d935eaa.jpg,D:\ai-vision-training\datasets\medicine_hardneg\train\images\train_499_7603f2cf3c.jpg,d893195a805124e67c00,6,泻药通便,1,227.11 408.48 494.96 395.24 505.07 599.66 237.22 612.90
D:\ai-vision-training\datasets\medicine_copypaste\train\images\copypaste_0014.jpg,D:\ai-vision-training\datasets\medicine_hardneg\train\images\train_3201_a2877158c8.jpg,D:\ai-vision-training\datasets\medicine_hardneg\train\images\train_3207_b2a6fd2ed2.jpg,8c19c70a91bfa3a8a829,8,抗过敏药,1,50.28 195.14 156.00 194.79 156.91 464.33 51.19 464.68
D:\ai-vision-training\datasets\medicine_copypaste\train\images\copypaste_0014.jpg,D:\ai-vision-training\datasets\medicine_hardneg\train\images\train_3201_a2877158c8.jpg,D:\ai-vision-training\datasets\medicine_hardneg\train\images\train_115_00ab82a0ff.jpg,c935f280133ed391a004,14,妇科用药,1,299.53 460.18 570.33 408.68 599.04 559.62 328.24 611.12
D:\ai-vision-training\datasets\medicine_copypaste\train\images\copypaste_0015.jpg,D:\ai-vision-training\datasets\medicine_hardneg\train\images\train_390_981718f8cb.jpg,D:\ai-vision-training\datasets\medicine_hardneg\train\images\train_367_82d9ec052c.jpg,c51e90e687f2f777452c,16,保健品,1,17.04 176.95 88.66 169.44 105.53 330.40 33.91 337.91
D:\ai-vision-training\datasets\medicine_copypaste\train\images\copypaste_0016.jpg,D:\ai-vision-training\datasets\medicine_hardneg\train\images\train_682_2749fbd527.jpg,D:\ai-vision-training\datasets\medicine_hardneg\train\images\train_97_81621f31af.jpg,46bb02f339e14aa8f374,14,妇科用药,1,373.43 96.64 450.13 78.19 480.49 204.44 403.78 222.89
D:\ai-vision-training\datasets\medicine_copypaste\train\images\copypaste_0017.jpg,D:\ai-vision-training\datasets\medicine_hardneg\train\images\train_2402_d2d2135b8e.jpg,D:\ai-vision-training\datasets\medicine_hardneg\train\images\train_499_7603f2cf3c.jpg,d893195a805124e67c00,6,泻药通便,2,23.68 348.87 291.60 337.01 300.66 541.48 32.74 553.34
D:\ai-vision-training\datasets\medicine_copypaste\train\images\copypaste_0017.jpg,D:\ai-vision-training\datasets\medicine_hardneg\train\images\train_2402_d2d2135b8e.jpg,D:\ai-vision-training\datasets\medicine_hardneg\train\images\train_55_f05b91330b.jpg,1cfc1dfe6e5ad7632ba0,12,心血管药,1,277.74 423.93 473.63 421.37 475.21 542.43 279.33 545.00
D:\ai-vision-training\datasets\medicine_copypaste\train\images\copypaste_0018.jpg,D:\ai-vision-training\datasets\medicine_hardneg\train\images\train_1934_2b5a444b97.jpg,D:\ai-vision-training\datasets\medicine_hardneg\train\images\train_506_1b8044717d.jpg,58f380ede4a5e74b9148,3,止痛药,1,363.80 474.53 583.02 463.06 590.87 613.14 371.65 624.60
D:\ai-vision-training\datasets\medicine_copypaste\train\images\copypaste_0018.jpg,D:\ai-vision-training\datasets\medicine_hardneg\train\images\train_1934_2b5a444b97.jpg,D:\ai-vision-training\datasets\medicine_hardneg\train\images\train_2439_1fe74b3500.jpg,0509d91418371ec5709a,3,止痛药,1,389.27 13.50 588.54 128.44 510.09 264.46 310.81 149.52
D:\ai-vision-training\datasets\medicine_copypaste\train\images\copypaste_0019.jpg,D:\ai-vision-training\datasets\medicine_hardneg\train\images\train_2101_7e21f3bbd0.jpg,D:\ai-vision-training\datasets\medicine_hardneg\train\images\train_499_7603f2cf3c.jpg,d893195a805124e67c00,6,泻药通便,3,113.67 328.98 378.59 370.65 346.79 572.83 81.87 531.16
D:\ai-vision-training\datasets\medicine_copypaste\train\images\copypaste_0020.jpg,D:\ai-vision-training\datasets\medicine_hardneg\train\images\train_592_04ae496b2a.jpg,D:\ai-vision-training\datasets\medicine_hardneg\train\images\train_214_c340f9c82f.jpg,d7432cde5e77e970114e,14,妇科用药,1,193.46 307.03 365.39 312.67 362.98 385.92 191.06 380.28
D:\ai-vision-training\datasets\medicine_copypaste\train\images\copypaste_0021.jpg,D:\ai-vision-training\datasets\medicine_hardneg\train\images\train_409_fd344f54a3.jpg,D:\ai-vision-training\datasets\medicine_hardneg\train\images\train_97_81621f31af.jpg,d1c83072c62ffd9f651a,14,妇科用药,1,32.30 111.95 93.07 122.34 80.12 198.01 19.36 187.61
D:\ai-vision-training\datasets\medicine_copypaste\train\images\copypaste_0022.jpg,D:\ai-vision-training\datasets\medicine_hardneg\train\images\train_287_f1a1c105f5.jpg,D:\ai-vision-training\datasets\medicine_hardneg\train\images\train_89_69650ba70c.jpg,caea859e00a7feb7caa0,12,心血管药,1,11.83 328.48 228.50 332.00 226.43 459.59 9.76 456.07
D:\ai-vision-training\datasets\medicine_copypaste\train\images\copypaste_0023.jpg,D:\ai-vision-training\datasets\medicine_hardneg\train\images\train_2750_d59a63522f.jpg,D:\ai-vision-training\datasets\medicine_hardneg\train\images\train_575_d70110b43b.jpg,696987f9ff9d66840e28,12,心血管药,1,44.04 420.80 316.74 411.88 321.84 567.89 49.15 576.81
D:\ai-vision-training\datasets\medicine_copypaste\train\images\copypaste_0023.jpg,D:\ai-vision-training\datasets\medicine_hardneg\train\images\train_2750_d59a63522f.jpg,D:\ai-vision-training\datasets\medicine_hardneg\train\images\train_271_e7a850fba2.jpg,24fc039c4ea5ba967179,14,妇科用药,1,295.14 449.42 564.97 399.51 598.56 581.10 328.74 631.02
D:\ai-vision-training\datasets\medicine_copypaste\train\images\copypaste_0024.jpg,D:\ai-vision-training\datasets\medicine_hardneg\train\images\train_156_c250492df5.jpg,D:\ai-vision-training\datasets\medicine_hardneg\train\images\train_308_9171c0b32b.jpg,060e0be9fdfeba2db644,16,保健品,1,425.13 382.42 467.28 385.98 461.06 459.61 418.91 456.05
D:\ai-vision-training\datasets\medicine_copypaste\train\images\copypaste_0025.jpg,D:\ai-vision-training\datasets\medicine_hardneg\train\images\train_1273_a75be746fe.jpg,D:\ai-vision-training\datasets\medicine_hardneg\train\images\train_535_2efc805078.jpg,e03a85cb64494fbfce76,8,抗过敏药,1,125.89 462.24 225.65 374.29 350.05 515.39 250.30 603.34
D:\ai-vision-training\datasets\medicine_copypaste\train\images\copypaste_0025.jpg,D:\ai-vision-training\datasets\medicine_hardneg\train\images\train_1273_a75be746fe.jpg,D:\ai-vision-training\datasets\medicine_hardneg\train\images\train_3207_b2a6fd2ed2.jpg,8c19c70a91bfa3a8a829,8,抗过敏药,2,18.76 308.99 106.69 293.56 146.02 517.74 58.09 533.17
D:\ai-vision-training\datasets\medicine_copypaste\train\images\copypaste_0026.jpg,D:\ai-vision-training\datasets\medicine_hardneg\train\images\train_291_ba9ae402ff.jpg,D:\ai-vision-training\datasets\medicine_hardneg\train\images\train_218_a1a2008978.jpg,7ce94b404163d8507f15,8,抗过敏药,1,64.00 280.15 228.82 281.91 228.00 358.63 63.18 356.87
D:\ai-vision-training\datasets\medicine_copypaste\train\images\copypaste_0026.jpg,D:\ai-vision-training\datasets\medicine_hardneg\train\images\train_291_ba9ae402ff.jpg,D:\ai-vision-training\datasets\medicine_hardneg\train\images\train_235_e99a722b27.jpg,3477807e0e777a7d2e49,14,妇科用药,1,106.41 12.19 269.33 37.91 258.31 107.68 95.39 81.97
D:\ai-vision-training\datasets\medicine_copypaste\train\images\copypaste_0027.jpg,D:\ai-vision-training\datasets\medicine_hardneg\train\images\train_3266_1e45270e5f.jpg,D:\ai-vision-training\datasets\medicine_hardneg\train\images\train_12_34de2f911c.jpg,504c69b7b892cf624509,6,泻药通便,1,64.00 294.33 284.46 336.94 232.54 605.52 12.09 562.91
D:\ai-vision-training\datasets\medicine_copypaste\train\images\copypaste_0027.jpg,D:\ai-vision-training\datasets\medicine_hardneg\train\images\train_3266_1e45270e5f.jpg,D:\ai-vision-training\datasets\medicine_hardneg\train\images\train_308_9171c0b32b.jpg,060e0be9fdfeba2db644,16,保健品,2,58.82 170.30 107.93 163.55 119.71 249.33 70.60 256.07
D:\ai-vision-training\datasets\medicine_copypaste\train\images\copypaste_0028.jpg,D:\ai-vision-training\datasets\medicine_hardneg\train\images\train_1443_f0fec11168.jpg,D:\ai-vision-training\datasets\medicine_hardneg\train\images\train_332_b595285cc9.jpg,2d7863f1fdb1fd4157a4,8,抗过敏药,1,45.22 120.41 313.45 112.04 318.25 266.02 50.03 274.39
D:\ai-vision-training\datasets\medicine_copypaste\train\images\copypaste_0028.jpg,D:\ai-vision-training\datasets\medicine_hardneg\train\images\train_1443_f0fec11168.jpg,D:\ai-vision-training\datasets\medicine_hardneg\train\images\train_499_7603f2cf3c.jpg,d893195a805124e67c00,6,泻药通便,4,286.90 39.99 554.82 51.85 545.77 256.32 277.85 244.46
D:\ai-vision-training\datasets\medicine_copypaste\train\images\copypaste_0029.jpg,D:\ai-vision-training\datasets\medicine_hardneg\train\images\train_2141_7635b90657.jpg,D:\ai-vision-training\datasets\medicine_hardneg\train\images\train_2255_e845950c18.jpg,be61bbf43d32bd510c90,12,心血管药,1,343.63 145.18 608.75 114.10 626.29 263.75 361.16 294.82
D:\ai-vision-training\datasets\medicine_copypaste\train\images\copypaste_0029.jpg,D:\ai-vision-training\datasets\medicine_hardneg\train\images\train_2141_7635b90657.jpg,D:\ai-vision-training\datasets\medicine_hardneg\train\images\train_12_34de2f911c.jpg,504c69b7b892cf624509,6,泻药通便,2,85.22 41.17 308.25 15.15 339.95 286.86 116.92 312.88
D:\ai-vision-training\datasets\medicine_copypaste\train\images\copypaste_0030.jpg,D:\ai-vision-training\datasets\medicine_hardneg\train\images\train_3032_f291442396.jpg,D:\ai-vision-training\datasets\medicine_hardneg\train\images\train_1319_37f4408a65.jpg,3be0ae30bfcd7e053e82,3,止痛药,1,87.57 72.56 344.24 39.10 368.62 226.18 111.95 259.63
D:\ai-vision-training\datasets\medicine_copypaste\train\images\copypaste_0030.jpg,D:\ai-vision-training\datasets\medicine_hardneg\train\images\train_3032_f291442396.jpg,D:\ai-vision-training\datasets\medicine_hardneg\train\images\train_570_4fd4b3e630.jpg,df3a057f6676e9e05295,14,妇科用药,1,354.00 42.96 568.42 8.86 589.92 144.06 375.50 178.16
D:\ai-vision-training\datasets\medicine_copypaste\train\images\copypaste_0031.jpg,D:\ai-vision-training\datasets\medicine_hardneg\train\images\train_1210_32ece3d6c5.jpg,D:\ai-vision-training\datasets\medicine_hardneg\train\images\train_235_e99a722b27.jpg,3477807e0e777a7d2e49,14,妇科用药,2,263.13 487.62 540.13 508.49 531.19 627.12 254.19 606.26
D:\ai-vision-training\datasets\medicine_copypaste\train\images\copypaste_0032.jpg,D:\ai-vision-training\datasets\medicine_hardneg\train\images\train_3106_1feb420eb5.jpg,D:\ai-vision-training\datasets\medicine_hardneg\train\images\train_271_e7a850fba2.jpg,24fc039c4ea5ba967179,14,妇科用药,2,332.98 49.63 604.71 11.37 630.46 194.24 358.73 232.50
D:\ai-vision-training\datasets\medicine_copypaste\train\images\copypaste_0033.jpg,D:\ai-vision-training\datasets\medicine_hardneg\train\images\train_3170_c1af1d03ed.jpg,D:\ai-vision-training\datasets\medicine_hardneg\train\images\train_262_462550fa86.jpg,74d7eb98fbd3ceec5e76,12,心血管药,2,23.83 38.41 299.63 21.90 307.94 160.73 32.14 177.24
D:\ai-vision-training\datasets\medicine_copypaste\train\images\copypaste_0033.jpg,D:\ai-vision-training\datasets\medicine_hardneg\train\images\train_3170_c1af1d03ed.jpg,D:\ai-vision-training\datasets\medicine_hardneg\train\images\train_563_881acfd8fe.jpg,c6cb62b0319689343571,3,止痛药,1,337.41 49.52 610.67 75.45 593.85 252.78 320.59 226.86
D:\ai-vision-training\datasets\medicine_copypaste\train\images\copypaste_0034.jpg,D:\ai-vision-training\datasets\medicine_hardneg\train\images\train_3194_5be5d2774b.jpg,D:\ai-vision-training\datasets\medicine_hardneg\train\images\train_166_a3f456bc1f.jpg,f784d57e6178631909c7,3,止痛药,1,330.57 41.07 598.85 97.70 561.19 276.12 292.91 219.50
D:\ai-vision-training\datasets\medicine_copypaste\train\images\copypaste_0034.jpg,D:\ai-vision-training\datasets\medicine_hardneg\train\images\train_3194_5be5d2774b.jpg,D:\ai-vision-training\datasets\medicine_hardneg\train\images\train_12_34de2f911c.jpg,504c69b7b892cf624509,6,泻药通便,3,31.75 65.10 256.16 57.63 265.27 331.03 40.85 338.50
D:\ai-vision-training\datasets\medicine_copypaste\train\images\copypaste_0035.jpg,D:\ai-vision-training\datasets\medicine_hardneg\train\images\train_1746_a8d40761f0.jpg,D:\ai-vision-training\datasets\medicine_hardneg\train\images\train_329_6b0e4238cd.jpg,a205a51a1a87a9ce4233,16,保健品,1,111.61 32.60 264.02 56.63 247.80 159.56 95.38 135.53
D:\ai-vision-training\datasets\medicine_copypaste\train\images\copypaste_0035.jpg,D:\ai-vision-training\datasets\medicine_hardneg\train\images\train_1746_a8d40761f0.jpg,D:\ai-vision-training\datasets\medicine_hardneg\train\images\train_3176_c63b015f34.jpg,6bcc76c9024303c68a04,8,抗过敏药,1,72.67 289.84 201.86 290.78 199.97 550.38 70.77 549.44
D:\ai-vision-training\datasets\medicine_copypaste\train\images\copypaste_0036.jpg,D:\ai-vision-training\datasets\medicine_hardneg\train\images\train_1891_6206cd18e3.jpg,D:\ai-vision-training\datasets\medicine_hardneg\train\images\train_251_7020614fc2.jpg,e7f21a56b65e38e93ba7,16,保健品,1,12.82 92.08 177.45 83.55 191.80 360.31 27.17 368.85
D:\ai-vision-training\datasets\medicine_copypaste\train\images\copypaste_0037.jpg,D:\ai-vision-training\datasets\medicine_hardneg\train\images\train_2908_9b19923d58.jpg,D:\ai-vision-training\datasets\medicine_hardneg\train\images\train_12_34de2f911c.jpg,504c69b7b892cf624509,6,泻药通便,4,395.34 332.08 619.56 343.91 605.14 617.08 380.92 605.25
D:\ai-vision-training\datasets\medicine_copypaste\train\images\copypaste_0037.jpg,D:\ai-vision-training\datasets\medicine_hardneg\train\images\train_2908_9b19923d58.jpg,D:\ai-vision-training\datasets\medicine_hardneg\train\images\train_591_6d3a6379ba.jpg,5a989d72d6e03eb75902,16,保健品,1,12.08 336.14 194.75 327.00 208.28 597.34 25.61 606.48
D:\ai-vision-training\datasets\medicine_copypaste\train\images\copypaste_0038.jpg,D:\ai-vision-training\datasets\medicine_hardneg\train\images\train_3096_6b60e93692.jpg,D:\ai-vision-training\datasets\medicine_hardneg\train\images\train_248_847dd1a07f.jpg,452864e3f81843af66bb,12,心血管药,1,183.69 71.11 459.06 70.36 459.54 245.20 184.16 245.95
D:\ai-vision-training\datasets\medicine_copypaste\train\images\copypaste_0038.jpg,D:\ai-vision-training\datasets\medicine_hardneg\train\images\train_3096_6b60e93692.jpg,D:\ai-vision-training\datasets\medicine_hardneg\train\images\train_66_e38affbd9d.jpg,5797563312241527c4fa,3,止痛药,1,243.10 455.79 520.47 448.98 524.70 621.26 247.33 628.07
D:\ai-vision-training\datasets\medicine_copypaste\train\images\copypaste_0039.jpg,D:\ai-vision-training\datasets\medicine_hardneg\train\images\train_3126_0a55948152.jpg,D:\ai-vision-training\datasets\medicine_hardneg\train\images\train_308_9171c0b32b.jpg,060e0be9fdfeba2db644,16,保健品,3,195.64 466.16 244.84 461.19 253.52 547.13 204.32 552.10
D:\ai-vision-training\datasets\medicine_copypaste\train\images\copypaste_0039.jpg,D:\ai-vision-training\datasets\medicine_hardneg\train\images\train_3126_0a55948152.jpg,D:\ai-vision-training\datasets\medicine_hardneg\train\images\train_2383_09c669872d.jpg,da84e8c5d2f3d1a74ec3,3,止痛药,1,185.41 506.00 459.30 499.42 462.21 620.58 188.32 627.16
D:\ai-vision-training\datasets\medicine_copypaste\train\images\copypaste_0040.jpg,D:\ai-vision-training\datasets\medicine_hardneg\train\images\train_2504_326de2fb14.jpg,D:\ai-vision-training\datasets\medicine_hardneg\train\images\train_444_0e9ccebe83.jpg,330f66f3d7861cf9e98d,16,保健品,1,12.29 31.64 247.90 18.99 262.59 292.62 26.98 305.27
D:\ai-vision-training\datasets\medicine_copypaste\train\images\copypaste_0040.jpg,D:\ai-vision-training\datasets\medicine_hardneg\train\images\train_2504_326de2fb14.jpg,D:\ai-vision-training\datasets\medicine_hardneg\train\images\train_3192_2d28368a9c.jpg,d0f8f3672f0047b5b41d,8,抗过敏药,1,487.40 108.76 598.59 103.35 609.71 332.06 498.53 337.47
D:\ai-vision-training\datasets\medicine_copypaste\train\images\copypaste_0041.jpg,D:\ai-vision-training\datasets\medicine_hardneg\train\images\train_197_c4f67c1304.jpg,D:\ai-vision-training\datasets\medicine_hardneg\train\images\train_551_28de7a7266.jpg,900e3239e1250e2e8e75,3,止痛药,1,180.08 928.67 528.69 886.20 542.32 998.10 193.71 1040.57
D:\ai-vision-training\datasets\medicine_copypaste\train\images\copypaste_0041.jpg,D:\ai-vision-training\datasets\medicine_hardneg\train\images\train_197_c4f67c1304.jpg,D:\ai-vision-training\datasets\medicine_hardneg\train\images\train_3208_74ac612100.jpg,0571211ba49615b7921f,8,抗过敏药,1,594.15 656.55 789.54 692.19 731.80 1008.75 536.41 973.11
D:\ai-vision-training\datasets\medicine_copypaste\train\images\copypaste_0042.jpg,D:\ai-vision-training\datasets\medicine_hardneg\train\images\train_999_b46165ac70.jpg,D:\ai-vision-training\datasets\medicine_hardneg\train\images\train_2388_963ce2eb78.jpg,5acba4ced862cdcc7da0,3,止痛药,2,229.83 500.28 446.93 387.35 508.44 505.59 291.34 618.52
D:\ai-vision-training\datasets\medicine_copypaste\train\images\copypaste_0042.jpg,D:\ai-vision-training\datasets\medicine_hardneg\train\images\train_999_b46165ac70.jpg,D:\ai-vision-training\datasets\medicine_hardneg\train\images\train_43_84b60c45b3.jpg,77a8223fcb4f4d91db5e,3,止痛药,1,44.51 22.54 297.57 59.07 274.84 216.55 21.79 180.02
D:\ai-vision-training\datasets\medicine_copypaste\train\images\copypaste_0043.jpg,D:\ai-vision-training\datasets\medicine_hardneg\train\images\train_685_b6f2dd12e8.jpg,D:\ai-vision-training\datasets\medicine_hardneg\train\images\train_447_ff72e28c52.jpg,f206d5ac5acba6aa885c,3,止痛药,1,308.58 28.18 387.13 33.38 372.91 248.21 294.36 243.01
D:\ai-vision-training\datasets\medicine_copypaste\train\images\copypaste_0043.jpg,D:\ai-vision-training\datasets\medicine_hardneg\train\images\train_685_b6f2dd12e8.jpg,D:\ai-vision-training\datasets\medicine_hardneg\train\images\train_364_a21b8584be.jpg,fc269766221f9c46ad7d,16,保健品,1,30.01 363.21 209.63 375.48 202.03 486.63 22.42 474.36
D:\ai-vision-training\datasets\medicine_copypaste\train\images\copypaste_0044.jpg,D:\ai-vision-training\datasets\medicine_hardneg\train\images\train_1747_cd687450d8.jpg,D:\ai-vision-training\datasets\medicine_hardneg\train\images\train_3176_c63b015f34.jpg,6bcc76c9024303c68a04,8,抗过敏药,2,449.77 41.50 578.70 49.77 562.09 308.84 433.16 300.57
D:\ai-vision-training\datasets\medicine_copypaste\train\images\copypaste_0044.jpg,D:\ai-vision-training\datasets\medicine_hardneg\train\images\train_1747_cd687450d8.jpg,D:\ai-vision-training\datasets\medicine_hardneg\train\images\train_97_81621f31af.jpg,d1c83072c62ffd9f651a,14,妇科用药,2,161.79 42.20 230.23 37.12 236.57 122.35 168.12 127.43
D:\ai-vision-training\datasets\medicine_copypaste\train\images\copypaste_0045.jpg,D:\ai-vision-training\datasets\medicine_hardneg\train\images\train_2994_e362695c82.jpg,D:\ai-vision-training\datasets\medicine_hardneg\train\images\train_569_6aee7d8123.jpg,6ff893edcbbf83eb2fe3,8,抗过敏药,2,19.88 346.56 173.92 317.06 222.44 570.36 68.41 599.87
D:\ai-vision-training\datasets\medicine_copypaste\train\images\copypaste_0045.jpg,D:\ai-vision-training\datasets\medicine_hardneg\train\images\train_2994_e362695c82.jpg,D:\ai-vision-training\datasets\medicine_hardneg\train\images\train_192_971107a440.jpg,ac372d56144b4661d607,14,妇科用药,1,287.26 415.24 564.50 423.43 558.70 619.69 281.46 611.49
D:\ai-vision-training\datasets\medicine_copypaste\train\images\copypaste_0046.jpg,D:\ai-vision-training\datasets\medicine_hardneg\train\images\train_1034_317605a1fd.jpg,D:\ai-vision-training\datasets\medicine_hardneg\train\images\train_1309_ac6767b27a.jpg,1b7f5c02feba0b3ffeda,3,止痛药,1,220.08 340.84 438.73 446.30 366.31 596.45 147.66 491.00
D:\ai-vision-training\datasets\medicine_copypaste\train\images\copypaste_0046.jpg,D:\ai-vision-training\datasets\medicine_hardneg\train\images\train_1034_317605a1fd.jpg,D:\ai-vision-training\datasets\medicine_hardneg\train\images\train_503_cfc22c7b83.jpg,6009841e2d49bb0010df,12,心血管药,1,328.76 48.08 601.41 11.39 621.94 163.96 349.29 200.65
D:\ai-vision-training\datasets\medicine_copypaste\train\images\copypaste_0047.jpg,D:\ai-vision-training\datasets\medicine_hardneg\train\images\train_3414_0c5861ad2e.jpg,D:\ai-vision-training\datasets\medicine_hardneg\train\images\train_792_981a53b5d2.jpg,067fc560500b3eccda82,12,心血管药,1,14.08 453.58 287.20 437.96 297.32 614.84 24.19 630.46
D:\ai-vision-training\datasets\medicine_copypaste\train\images\copypaste_0047.jpg,D:\ai-vision-training\datasets\medicine_hardneg\train\images\train_3414_0c5861ad2e.jpg,D:\ai-vision-training\datasets\medicine_hardneg\train\images\train_55_f05b91330b.jpg,937c4ae82f768ed79b95,12,心血管药,1,238.08 26.55 388.15 42.79 376.43 151.10 226.36 134.86
D:\ai-vision-training\datasets\medicine_copypaste\train\images\copypaste_0048.jpg,D:\ai-vision-training\datasets\medicine_hardneg\train\images\train_2619_131df59189.jpg,D:\ai-vision-training\datasets\medicine_hardneg\train\images\train_3169_0f48b0e186.jpg,1694c71580678361ed2f,8,抗过敏药,1,78.28 66.84 216.51 80.01 194.44 311.59 56.21 298.41
D:\ai-vision-training\datasets\medicine_copypaste\train\images\copypaste_0048.jpg,D:\ai-vision-training\datasets\medicine_hardneg\train\images\train_2619_131df59189.jpg,D:\ai-vision-training\datasets\medicine_hardneg\train\images\train_75_bb2d1a4a0c.jpg,da57f947cc4452d4298e,3,止痛药,3,340.52 57.12 618.81 55.87 619.29 163.04 341.01 164.29
D:\ai-vision-training\datasets\medicine_copypaste\train\images\copypaste_0049.jpg,D:\ai-vision-training\datasets\medicine_hardneg\train\images\train_2368_28ffdb5ebb.jpg,D:\ai-vision-training\datasets\medicine_hardneg\train\images\train_335_0a0d0d2164.jpg,634b4c52b9630613a9d2,16,保健品,1,122.75 77.03 376.29 81.25 373.07 274.95 119.53 270.73
D:\ai-vision-training\datasets\medicine_copypaste\train\images\copypaste_0049.jpg,D:\ai-vision-training\datasets\medicine_hardneg\train\images\train_2368_28ffdb5ebb.jpg,D:\ai-vision-training\datasets\medicine_hardneg\train\images\train_126_d3829d532f.jpg,929bcec570348b708cd9,14,妇科用药,2,48.60 444.14 324.95 457.90 317.50 607.47 41.15 593.71
D:\ai-vision-training\datasets\medicine_copypaste\train\images\copypaste_0050.jpg,D:\ai-vision-training\datasets\medicine_hardneg\train\images\train_1321_55cfde6535.jpg,D:\ai-vision-training\datasets\medicine_hardneg\train\images\train_3176_c63b015f34.jpg,6bcc76c9024303c68a04,8,抗过敏药,3,57.77 325.06 186.53 335.75 165.05 594.46 36.30 583.78
D:\ai-vision-training\datasets\medicine_copypaste\train\images\copypaste_0050.jpg,D:\ai-vision-training\datasets\medicine_hardneg\train\images\train_1321_55cfde6535.jpg,D:\ai-vision-training\datasets\medicine_hardneg\train\images\train_308_9171c0b32b.jpg,326a39091ee8fb84005b,16,保健品,1,486.56 426.37 570.71 422.91 574.94 525.69 490.79 529.15
D:\ai-vision-training\datasets\medicine_copypaste\train\images\copypaste_0051.jpg,D:\ai-vision-training\datasets\medicine_hardneg\train\images\train_2367_83c96fd4f1.jpg,D:\ai-vision-training\datasets\medicine_hardneg\train\images\train_109_c00c4d2598.jpg,b1ef02c56828fca589fa,14,妇科用药,2,406.65 70.71 539.14 81.45 524.44 262.69 391.95 251.95
D:\ai-vision-training\datasets\medicine_copypaste\train\images\copypaste_0051.jpg,D:\ai-vision-training\datasets\medicine_hardneg\train\images\train_2367_83c96fd4f1.jpg,D:\ai-vision-training\datasets\medicine_hardneg\train\images\train_153_923a277ced.jpg,33b37a87c82e26de6227,3,止痛药,1,72.64 124.16 327.98 77.12 353.93 217.96 98.59 265.01
D:\ai-vision-training\datasets\medicine_copypaste\train\images\copypaste_0052.jpg,D:\ai-vision-training\datasets\medicine_hardneg\train\images\train_903_5bea4f8e5b.jpg,D:\ai-vision-training\datasets\medicine_hardneg\train\images\train_1266_9b43b053c2.jpg,a8e129a31f309abd5766,3,止痛药,1,98.62 400.17 322.46 359.65 358.38 558.13 134.54 598.64
D:\ai-vision-training\datasets\medicine_copypaste\train\images\copypaste_0052.jpg,D:\ai-vision-training\datasets\medicine_hardneg\train\images\train_903_5bea4f8e5b.jpg,D:\ai-vision-training\datasets\medicine_hardneg\train\images\train_365_51f517695f.jpg,f1f5d63fc4e2e93c8db8,16,保健品,1,315.35 433.38 591.17 422.29 598.19 596.95 322.38 608.04
D:\ai-vision-training\datasets\medicine_copypaste\train\images\copypaste_0053.jpg,D:\ai-vision-training\datasets\medicine_hardneg\train\images\train_932_c9e15bf074.jpg,D:\ai-vision-training\datasets\medicine_hardneg\train\images\train_535_2efc805078.jpg,575dbcf955e5fb09aa1d,14,妇科用药,1,382.31 426.57 528.59 334.63 624.64 487.46 478.36 579.40
D:\ai-vision-training\datasets\medicine_copypaste\train\images\copypaste_0053.jpg,D:\ai-vision-training\datasets\medicine_hardneg\train\images\train_932_c9e15bf074.jpg,D:\ai-vision-training\datasets\medicine_hardneg\train\images\train_447_ff72e28c52.jpg,cf4e3b3bdb9078d8abaf,3,止痛药,1,66.74 232.60 197.60 250.22 160.90 522.76 30.04 505.13
D:\ai-vision-training\datasets\medicine_copypaste\train\images\copypaste_0054.jpg,D:\ai-vision-training\datasets\medicine_hardneg\train\images\train_1003_c2a111494b.jpg,D:\ai-vision-training\datasets\medicine_hardneg\train\images\train_2383_09c669872d.jpg,da84e8c5d2f3d1a74ec3,3,止痛药,2,315.75 483.98 584.79 432.26 607.67 551.27 338.63 603.00
D:\ai-vision-training\datasets\medicine_copypaste\train\images\copypaste_0054.jpg,D:\ai-vision-training\datasets\medicine_hardneg\train\images\train_1003_c2a111494b.jpg,D:\ai-vision-training\datasets\medicine_hardneg\train\images\train_495_1d884440e5.jpg,1a30038af50bf09bcc8d,8,抗过敏药,1,40.53 409.48 311.64 467.27 281.68 607.85 10.57 550.06
D:\ai-vision-training\datasets\medicine_copypaste\train\images\copypaste_0055.jpg,D:\ai-vision-training\datasets\medicine_hardneg\train\images\train_1343_7711aeda1e.jpg,D:\ai-vision-training\datasets\medicine_hardneg\train\images\train_2232_272034582b.jpg,e1ab14d71344042b6a46,12,心血管药,1,234.28 388.84 502.17 404.32 490.25 610.66 222.36 595.19
D:\ai-vision-training\datasets\medicine_copypaste\train\images\copypaste_0055.jpg,D:\ai-vision-training\datasets\medicine_hardneg\train\images\train_1343_7711aeda1e.jpg,D:\ai-vision-training\datasets\medicine_hardneg\train\images\train_3169_0f48b0e186.jpg,1694c71580678361ed2f,8,抗过敏药,2,18.18 131.71 146.87 119.85 166.73 335.44 38.04 347.29
D:\ai-vision-training\datasets\medicine_copypaste\train\images\copypaste_0056.jpg,D:\ai-vision-training\datasets\medicine_hardneg\train\images\train_1632_bce2326276.jpg,D:\ai-vision-training\datasets\medicine_hardneg\train\images\train_3250_a27234d9df.jpg,7e60e63de8c6863b32ed,8,抗过敏药,1,457.00 303.53 574.20 339.41 501.74 576.14 384.54 540.27
D:\ai-vision-training\datasets\medicine_copypaste\train\images\copypaste_0056.jpg,D:\ai-vision-training\datasets\medicine_hardneg\train\images\train_1632_bce2326276.jpg,D:\ai-vision-training\datasets\medicine_hardneg\train\images\train_259_c013aed5c8.jpg,1b1670b3d921cca7f4e7,14,妇科用药,1,232.18 25.91 508.16 37.10 503.30 157.11 227.31 145.93
D:\ai-vision-training\datasets\medicine_copypaste\train\images\copypaste_0057.jpg,D:\ai-vision-training\datasets\medicine_hardneg\train\images\train_910_16450df8bc.jpg,D:\ai-vision-training\datasets\medicine_hardneg\train\images\train_280_017ae64923.jpg,87bf0f50a063fbb228b3,8,抗过敏药,1,77.05 366.83 354.14 370.00 352.33 528.17 75.24 525.00
D:\ai-vision-training\datasets\medicine_copypaste\train\images\copypaste_0057.jpg,D:\ai-vision-training\datasets\medicine_hardneg\train\images\train_910_16450df8bc.jpg,D:\ai-vision-training\datasets\medicine_hardneg\train\images\train_97_81621f31af.jpg,11d84f2c01aa08fa0013,14,妇科用药,1,490.55 293.85 553.64 252.61 624.71 361.35 561.63 402.59
D:\ai-vision-training\datasets\medicine_copypaste\train\images\copypaste_0058.jpg,D:\ai-vision-training\datasets\medicine_hardneg\train\images\train_2211_2009b47c9c.jpg,D:\ai-vision-training\datasets\medicine_hardneg\train\images\train_2274_80c7622e45.jpg,0dd5cae7a8736a16a888,12,心血管药,1,214.34 85.29 464.34 72.93 471.40 215.84 221.41 228.20
D:\ai-vision-training\datasets\medicine_copypaste\train\images\copypaste_0058.jpg,D:\ai-vision-training\datasets\medicine_hardneg\train\images\train_2211_2009b47c9c.jpg,D:\ai-vision-training\datasets\medicine_hardneg\train\images\train_309_de81375c16.jpg,a579ff3a3b45f911bcba,12,心血管药,1,213.97 431.65 456.10 397.19 481.62 576.54 239.50 611.00
D:\ai-vision-training\datasets\medicine_copypaste\train\images\copypaste_0059.jpg,D:\ai-vision-training\datasets\medicine_hardneg\train\images\train_3014_f52d000c42.jpg,D:\ai-vision-training\datasets\medicine_hardneg\train\images\train_4_b43dbd85d9.jpg,b42e31906785eb5a567b,14,妇科用药,1,142.68 404.64 414.71 443.95 387.89 629.55 115.86 590.25
D:\ai-vision-training\datasets\medicine_copypaste\train\images\copypaste_0060.jpg,D:\ai-vision-training\datasets\medicine_hardneg\train\images\train_2086_7818a60766.jpg,D:\ai-vision-training\datasets\medicine_hardneg\train\images\train_460_5e1dc0f723.jpg,84c509206c99ff5de393,14,妇科用药,1,14.19 49.18 291.04 36.98 298.26 200.75 21.41 212.95
D:\ai-vision-training\datasets\medicine_copypaste\train\images\copypaste_0060.jpg,D:\ai-vision-training\datasets\medicine_hardneg\train\images\train_2086_7818a60766.jpg,D:\ai-vision-training\datasets\medicine_hardneg\train\images\train_109_c00c4d2598.jpg,b1ef02c56828fca589fa,14,妇科用药,3,100.63 429.76 229.44 427.38 232.70 603.59 103.89 605.97
D:\ai-vision-training\datasets\medicine_copypaste\train\images\copypaste_0061.jpg,D:\ai-vision-training\datasets\medicine_hardneg\train\images\train_3349_8725554da5.jpg,D:\ai-vision-training\datasets\medicine_hardneg\train\images\train_1297_76f34bab4a.jpg,f5c49a9b0b664d3c19dc,3,止痛药,1,289.20 428.94 531.44 373.70 576.65 571.93 334.42 627.17
D:\ai-vision-training\datasets\medicine_copypaste\train\images\copypaste_0061.jpg,D:\ai-vision-training\datasets\medicine_hardneg\train\images\train_3349_8725554da5.jpg,D:\ai-vision-training\datasets\medicine_hardneg\train\images\train_569_6aee7d8123.jpg,8b77fbe132d84b3bf7a1,8,抗过敏药,1,69.08 295.58 178.83 320.63 117.97 587.25 8.22 562.19
D:\ai-vision-training\datasets\medicine_copypaste\train\images\copypaste_0062.jpg,D:\ai-vision-training\datasets\medicine_hardneg\train\images\train_3140_bc354dcfbf.jpg,D:\ai-vision-training\datasets\medicine_hardneg\train\images\train_214_c340f9c82f.jpg,d7432cde5e77e970114e,14,妇科用药,2,44.39 21.67 316.49 63.00 298.88 178.93 26.78 137.60
D:\ai-vision-training\datasets\medicine_copypaste\train\images\copypaste_0062.jpg,D:\ai-vision-training\datasets\medicine_hardneg\train\images\train_3140_bc354dcfbf.jpg,D:\ai-vision-training\datasets\medicine_hardneg\train\images\train_364_a21b8584be.jpg,5872e73f3235e5d3c198,16,保健品,1,246.88 510.89 440.43 478.00 460.04 593.41 266.49 626.30
D:\ai-vision-training\datasets\medicine_copypaste\train\images\copypaste_0063.jpg,D:\ai-vision-training\datasets\medicine_hardneg\train\images\train_2359_86fafa598f.jpg,D:\ai-vision-training\datasets\medicine_hardneg\train\images\train_405_88576718cf.jpg,45131d8b274614584f3a,14,妇科用药,2,257.78 431.59 534.47 429.04 535.79 571.92 259.10 574.47
D:\ai-vision-training\datasets\medicine_copypaste\train\images\copypaste_0063.jpg,D:\ai-vision-training\datasets\medicine_hardneg\train\images\train_2359_86fafa598f.jpg,D:\ai-vision-training\datasets\medicine_hardneg\train\images\train_97_81621f31af.jpg,338e5026f65c22e0f432,14,妇科用药,1,146.43 85.44 406.14 17.03 450.65 185.97 190.94 254.38
D:\ai-vision-training\datasets\medicine_copypaste\train\images\copypaste_0064.jpg,D:\ai-vision-training\datasets\medicine_hardneg\train\images\train_810_7e2ed982c4.jpg,D:\ai-vision-training\datasets\medicine_hardneg\train\images\train_308_9171c0b32b.jpg,d33effa262fe3092feff,16,保健品,1,42.82 8.79 177.88 7.77 178.39 75.99 43.34 77.01
D:\ai-vision-training\datasets\medicine_copypaste\train\images\copypaste_0065.jpg,D:\ai-vision-training\datasets\medicine_hardneg\train\images\train_263_5c1d2b823d.jpg,D:\ai-vision-training\datasets\medicine_hardneg\train\images\train_235_e99a722b27.jpg,3477807e0e777a7d2e49,14,妇科用药,3,109.13 318.66 280.43 290.36 292.55 363.72 121.25 392.02
D:\ai-vision-training\datasets\medicine_copypaste\train\images\copypaste_0066.jpg,D:\ai-vision-training\datasets\medicine_hardneg\train\images\train_921_7153f4925d.jpg,D:\ai-vision-training\datasets\medicine_hardneg\train\images\train_2388_963ce2eb78.jpg,5acba4ced862cdcc7da0,3,止痛药,3,297.40 510.62 507.06 384.43 575.79 498.63 366.12 624.81
D:\ai-vision-training\datasets\medicine_copypaste\train\images\copypaste_0066.jpg,D:\ai-vision-training\datasets\medicine_hardneg\train\images\train_921_7153f4925d.jpg,D:\ai-vision-training\datasets\medicine_hardneg\train\images\train_238_d8df7440b3.jpg,68f902199fa8bd4d52c0,16,保健品,1,182.82 411.83 348.65 411.80 348.67 525.36 182.84 525.38
D:\ai-vision-training\datasets\medicine_copypaste\train\images\copypaste_0067.jpg,D:\ai-vision-training\datasets\medicine_hardneg\train\images\train_981_39718b5608.jpg,D:\ai-vision-training\datasets\medicine_hardneg\train\images\train_591_6d3a6379ba.jpg,64e40b6d515ea0bc9151,16,保健品,1,400.49 10.84 579.22 19.07 566.71 290.83 387.98 282.61
D:\ai-vision-training\datasets\medicine_copypaste\train\images\copypaste_0067.jpg,D:\ai-vision-training\datasets\medicine_hardneg\train\images\train_981_39718b5608.jpg,D:\ai-vision-training\datasets\medicine_hardneg\train\images\train_3204_1e15e414e1.jpg,9699ed45985bc8193e8f,8,抗过敏药,1,147.58 36.21 281.38 98.87 180.95 313.35 47.15 250.70
D:\ai-vision-training\datasets\medicine_copypaste\train\images\copypaste_0068.jpg,D:\ai-vision-training\datasets\medicine_hardneg\train\images\train_1731_c23d2f03af.jpg,D:\ai-vision-training\datasets\medicine_hardneg\train\images\train_435_2b009e4333.jpg,102e1cd9781d68b95d6b,16,保健品,1,270.32 481.94 539.55 533.47 521.26 629.05 252.03 577.52
D:\ai-vision-training\datasets\medicine_copypaste\train\images\copypaste_0068.jpg,D:\ai-vision-training\datasets\medicine_hardneg\train\images\train_1731_c23d2f03af.jpg,D:\ai-vision-training\datasets\medicine_hardneg\train\images\train_3207_b2a6fd2ed2.jpg,8c19c70a91bfa3a8a829,8,抗过敏药,3,478.56 258.39 583.78 268.67 557.57 536.94 452.36 526.66
D:\ai-vision-training\datasets\medicine_copypaste\train\images\copypaste_0069.jpg,D:\ai-vision-training\datasets\medicine_hardneg\train\images\train_1932_8ac6d35aa5.jpg,D:\ai-vision-training\datasets\medicine_hardneg\train\images\train_308_9171c0b32b.jpg,08794d9792124888e766,16,保健品,3,537.26 494.78 619.21 499.31 613.42 604.03 531.47 599.50
D:\ai-vision-training\datasets\medicine_copypaste\train\images\copypaste_0069.jpg,D:\ai-vision-training\datasets\medicine_hardneg\train\images\train_1932_8ac6d35aa5.jpg,D:\ai-vision-training\datasets\medicine_hardneg\train\images\train_308_9171c0b32b.jpg,08794d9792124888e766,16,保健品,3,250.20 509.18 326.51 514.44 319.79 611.97 243.47 606.70
D:\ai-vision-training\datasets\medicine_copypaste\train\images\copypaste_0070.jpg,D:\ai-vision-training\datasets\medicine_hardneg\train\images\train_2977_f194f8f046.jpg,D:\ai-vision-training\datasets\medicine_hardneg\train\images\train_3262_5aed19ccba.jpg,891319bfa908de876b8a,8,抗过敏药,1,144.19 49.99 290.38 145.70 185.56 305.80 39.37 210.09
D:\ai-vision-training\datasets\medicine_copypaste\train\images\copypaste_0070.jpg,D:\ai-vision-training\datasets\medicine_hardneg\train\images\train_2977_f194f8f046.jpg,D:\ai-vision-training\datasets\medicine_hardneg\train\images\train_399_26771f4822.jpg,b896f0c747fe6575021c,14,妇科用药,1,117.15 464.10 389.11 434.58 404.71 578.25 132.75 607.77
D:\ai-vision-training\datasets\medicine_copypaste\train\images\copypaste_0071.jpg,D:\ai-vision-training\datasets\medicine_hardneg\train\images\train_2187_f1ce38b66c.jpg,D:\ai-vision-training\datasets\medicine_hardneg\train\images\train_214_c340f9c82f.jpg,d7432cde5e77e970114e,14,妇科用药,3,112.10 173.38 386.63 153.94 394.92 270.91 120.38 290.36
D:\ai-vision-training\datasets\medicine_copypaste\train\images\copypaste_0071.jpg,D:\ai-vision-training\datasets\medicine_hardneg\train\images\train_2187_f1ce38b66c.jpg,D:\ai-vision-training\datasets\medicine_hardneg\train\images\train_393_3c97a4f733.jpg,d4127b9da6b274951e4d,14,妇科用药,1,344.42 347.61 594.17 376.21 571.35 575.48 321.60 546.89
D:\ai-vision-training\datasets\medicine_copypaste\train\images\copypaste_0072.jpg,D:\ai-vision-training\datasets\medicine_hardneg\train\images\train_1922_cf0b091f12.jpg,D:\ai-vision-training\datasets\medicine_hardneg\train\images\train_3201_a2877158c8.jpg,583d11127a5d0177cf39,8,抗过敏药,1,399.64 126.80 554.55 115.17 573.09 362.09 418.18 373.72
D:\ai-vision-training\datasets\medicine_copypaste\train\images\copypaste_0072.jpg,D:\ai-vision-training\datasets\medicine_hardneg\train\images\train_1922_cf0b091f12.jpg,D:\ai-vision-training\datasets\medicine_hardneg\train\images\train_569_6aee7d8123.jpg,429c750432b8dcf2e3e6,8,抗过敏药,1,39.14 448.37 300.96 456.49 296.87 588.57 35.05 580.45
D:\ai-vision-training\datasets\medicine_copypaste\train\images\copypaste_0073.jpg,D:\ai-vision-training\datasets\medicine_hardneg\train\images\train_1884_ce917b34f2.jpg,D:\ai-vision-training\datasets\medicine_hardneg\train\images\train_535_2efc805078.jpg,2fe7d39ed63b0f99be6c,3,止痛药,1,425.17 22.59 479.24 107.67 282.39 232.78 228.32 147.70
D:\ai-vision-training\datasets\medicine_copypaste\train\images\copypaste_0073.jpg,D:\ai-vision-training\datasets\medicine_hardneg\train\images\train_1884_ce917b34f2.jpg,D:\ai-vision-training\datasets\medicine_hardneg\train\images\train_2311_28fd13f4ee.jpg,8ee113904358e48758fc,12,心血管药,1,138.82 20.55 296.79 137.36 179.24 296.33 21.27 179.52
D:\ai-vision-training\datasets\medicine_copypaste\train\images\copypaste_0074.jpg,D:\ai-vision-training\datasets\medicine_hardneg\train\images\train_908_a893f2d972.jpg,D:\ai-vision-training\datasets\medicine_hardneg\train\images\train_2341_7a60597280.jpg,5d3a4ba52526df58d968,3,止痛药,1,34.88 331.92 275.17 353.47 251.57 616.55 11.28 594.99
D:\ai-vision-training\datasets\medicine_copypaste\train\images\copypaste_0074.jpg,D:\ai-vision-training\datasets\medicine_hardneg\train\images\train_908_a893f2d972.jpg,D:\ai-vision-training\datasets\medicine_hardneg\train\images\train_2375_2eeac45637.jpg,68e5c153fd924b9f33f7,3,止痛药,1,283.58 435.37 538.00 420.29 547.08 573.41 292.66 588.50
D:\ai-vision-training\datasets\medicine_copypaste\train\images\copypaste_0075.jpg,D:\ai-vision-training\datasets\medicine_hardneg\train\images\train_416_2a91d0f48d.jpg,D:\ai-vision-training\datasets\medicine_hardneg\train\images\train_575_d70110b43b.jpg,696987f9ff9d66840e28,12,心血管药,2,56.98 359.56 269.96 368.26 264.99 490.11 52.00 481.41
D:\ai-vision-training\datasets\medicine_copypaste\train\images\copypaste_0075.jpg,D:\ai-vision-training\datasets\medicine_hardneg\train\images\train_416_2a91d0f48d.jpg,D:\ai-vision-training\datasets\medicine_hardneg\train\images\train_2321_56ae095f64.jpg,ac9e0f31933419767953,12,心血管药,1,343.64 20.02 463.70 58.07 406.67 238.04 286.61 199.99
D:\ai-vision-training\datasets\medicine_copypaste\train\images\copypaste_0076.jpg,D:\ai-vision-training\datasets\medicine_hardneg\train\images\train_2418_90844da9e9.jpg,D:\ai-vision-training\datasets\medicine_hardneg\train\images\train_495_1d884440e5.jpg,1a30038af50bf09bcc8d,8,抗过敏药,2,282.73 480.04 555.93 433.17 580.23 574.84 307.03 621.71
D:\ai-vision-training\datasets\medicine_copypaste\train\images\copypaste_0076.jpg,D:\ai-vision-training\datasets\medicine_hardneg\train\images\train_2418_90844da9e9.jpg,D:\ai-vision-training\datasets\medicine_hardneg\train\images\train_570_4fd4b3e630.jpg,df3a057f6676e9e05295,14,妇科用药,2,398.45 37.69 609.32 10.44 626.50 143.40 415.64 170.65
D:\ai-vision-training\datasets\medicine_copypaste\train\images\copypaste_0077.jpg,D:\ai-vision-training\datasets\medicine_hardneg\train\images\train_869_ed5b2e0e03.jpg,D:\ai-vision-training\datasets\medicine_hardneg\train\images\train_299_8c0bdc7997.jpg,7e1883bfcdd02f7e170a,16,保健品,1,456.09 382.44 611.07 400.87 583.97 628.81 428.99 610.39
D:\ai-vision-training\datasets\medicine_copypaste\train\images\copypaste_0077.jpg,D:\ai-vision-training\datasets\medicine_hardneg\train\images\train_869_ed5b2e0e03.jpg,D:\ai-vision-training\datasets\medicine_hardneg\train\images\train_259_c013aed5c8.jpg,1b1670b3d921cca7f4e7,14,妇科用药,2,82.16 433.23 353.02 487.32 329.49 605.11 58.63 551.01
D:\ai-vision-training\datasets\medicine_copypaste\train\images\copypaste_0078.jpg,D:\ai-vision-training\datasets\medicine_hardneg\train\images\train_2542_a1e8444555.jpg,D:\ai-vision-training\datasets\medicine_hardneg\train\images\train_413_8668a51e72.jpg,b9b448f8f423d3ccc962,12,心血管药,1,108.48 461.39 383.15 449.44 389.20 588.41 114.53 600.36
D:\ai-vision-training\datasets\medicine_copypaste\train\images\copypaste_0078.jpg,D:\ai-vision-training\datasets\medicine_hardneg\train\images\train_2542_a1e8444555.jpg,D:\ai-vision-training\datasets\medicine_hardneg\train\images\train_357_f77e82faa4.jpg,e46a5d4d3957b9f7ac54,16,保健品,2,14.20 80.65 112.51 61.33 149.24 248.28 50.92 267.60
D:\ai-vision-training\datasets\medicine_copypaste\train\images\copypaste_0079.jpg,D:\ai-vision-training\datasets\medicine_hardneg\train\images\train_2941_af842bd123.jpg,D:\ai-vision-training\datasets\medicine_hardneg\train\images\train_563_881acfd8fe.jpg,c6cb62b0319689343571,3,止痛药,2,351.19 402.88 621.72 449.31 591.59 624.88 321.06 578.44
D:\ai-vision-training\datasets\medicine_copypaste\train\images\copypaste_0079.jpg,D:\ai-vision-training\datasets\medicine_hardneg\train\images\train_2941_af842bd123.jpg,D:\ai-vision-training\datasets\medicine_hardneg\train\images\train_612_52b59fa231.jpg,57d6f22563a9e0f42e8d,12,心血管药,1,325.75 104.23 601.57 83.73 613.54 244.66 337.72 265.17
D:\ai-vision-training\datasets\medicine_copypaste\train\images\copypaste_0080.jpg,D:\ai-vision-training\datasets\medicine_hardneg\train\images\train_1174_1559f25581.jpg,D:\ai-vision-training\datasets\medicine_hardneg\train\images\train_2291_3ca4f2d97f.jpg,1e043f095ed466496b28,12,心血管药,1,116.35 123.63 346.28 23.65 407.95 165.46 178.01 265.44
D:\ai-vision-training\datasets\medicine_copypaste\train\images\copypaste_0080.jpg,D:\ai-vision-training\datasets\medicine_hardneg\train\images\train_1174_1559f25581.jpg,D:\ai-vision-training\datasets\medicine_hardneg\train\images\train_211_7417c54983.jpg,53e329b4be43893192a6,12,心血管药,1,348.30 78.05 615.09 51.88 631.95 223.71 365.16 249.88
D:\ai-vision-training\datasets\medicine_copypaste\train\images\copypaste_0081.jpg,D:\ai-vision-training\datasets\medicine_hardneg\train\images\train_1961_b642e394a0.jpg,D:\ai-vision-training\datasets\medicine_hardneg\train\images\train_2255_e845950c18.jpg,be61bbf43d32bd510c90,12,心血管药,2,249.74 478.64 516.00 459.54 526.78 609.82 260.52 628.92
D:\ai-vision-training\datasets\medicine_copypaste\train\images\copypaste_0081.jpg,D:\ai-vision-training\datasets\medicine_hardneg\train\images\train_1961_b642e394a0.jpg,D:\ai-vision-training\datasets\medicine_hardneg\train\images\train_2374_796eeaefd9.jpg,d38b75d3661d20eb55a8,3,止痛药,1,16.63 475.36 269.94 417.43 301.28 554.45 47.97 612.38
D:\ai-vision-training\datasets\medicine_copypaste\train\images\copypaste_0082.jpg,D:\ai-vision-training\datasets\medicine_hardneg\train\images\train_3295_f25f931795.jpg,D:\ai-vision-training\datasets\medicine_hardneg\train\images\train_308_9171c0b32b.jpg,6164dbc054da00b99631,16,保健品,1,486.32 456.70 560.74 458.28 558.08 583.73 483.66 582.15
D:\ai-vision-training\datasets\medicine_copypaste\train\images\copypaste_0082.jpg,D:\ai-vision-training\datasets\medicine_hardneg\train\images\train_3295_f25f931795.jpg,D:\ai-vision-training\datasets\medicine_hardneg\train\images\train_332_b595285cc9.jpg,2d7863f1fdb1fd4157a4,8,抗过敏药,2,222.41 48.92 483.94 109.06 449.41 259.21 187.88 199.07
D:\ai-vision-training\datasets\medicine_copypaste\train\images\copypaste_0083.jpg,D:\ai-vision-training\datasets\medicine_hardneg\train\images\train_3405_e813419cff.jpg,D:\ai-vision-training\datasets\medicine_hardneg\train\images\train_3257_35b70bdf9f.jpg,0ebc2e7dc78dbd513a4c,8,抗过敏药,1,70.21 21.41 309.60 62.53 270.46 290.38 31.07 249.26
D:\ai-vision-training\datasets\medicine_copypaste\train\images\copypaste_0083.jpg,D:\ai-vision-training\datasets\medicine_hardneg\train\images\train_3405_e813419cff.jpg,D:\ai-vision-training\datasets\medicine_hardneg\train\images\train_316_84dc3eb07a.jpg,9de764ddc9a506c4ae9c,16,保健品,1,22.52 358.29 202.54 315.99 255.17 540.02 75.15 582.32
D:\ai-vision-training\datasets\medicine_copypaste\train\images\copypaste_0084.jpg,D:\ai-vision-training\datasets\medicine_hardneg\train\images\train_1861_169d64386d.jpg,D:\ai-vision-training\datasets\medicine_hardneg\train\images\train_571_e9f0908ce6.jpg,e9a1fc498a6769634486,8,抗过敏药,1,16.43 33.94 237.31 25.93 247.32 302.30 26.44 310.30
D:\ai-vision-training\datasets\medicine_copypaste\train\images\copypaste_0084.jpg,D:\ai-vision-training\datasets\medicine_hardneg\train\images\train_1861_169d64386d.jpg,D:\ai-vision-training\datasets\medicine_hardneg\train\images\train_365_51f517695f.jpg,f1f5d63fc4e2e93c8db8,16,保健品,2,314.66 75.02 590.13 92.72 578.92 267.16 303.45 249.46
D:\ai-vision-training\datasets\medicine_copypaste\train\images\copypaste_0085.jpg,D:\ai-vision-training\datasets\medicine_hardneg\train\images\train_1653_6f42984ceb.jpg,D:\ai-vision-training\datasets\medicine_hardneg\train\images\train_2248_d18009165a.jpg,42b41f29657fd3194fb8,12,心血管药,1,65.14 513.74 334.62 490.96 343.52 596.28 74.05 619.06
D:\ai-vision-training\datasets\medicine_copypaste\train\images\copypaste_0085.jpg,D:\ai-vision-training\datasets\medicine_hardneg\train\images\train_1653_6f42984ceb.jpg,D:\ai-vision-training\datasets\medicine_hardneg\train\images\train_383_f2ccbac9e3.jpg,5f6030f5f5a029b33763,16,保健品,1,20.16 105.57 167.03 104.44 168.81 335.04 21.94 336.18
D:\ai-vision-training\datasets\medicine_copypaste\train\images\copypaste_0086.jpg,D:\ai-vision-training\datasets\medicine_hardneg\train\images\train_1003_c2a111494b.jpg,D:\ai-vision-training\datasets\medicine_hardneg\train\images\train_570_4fd4b3e630.jpg,156d59c226fbc915eaa8,14,妇科用药,1,84.92 424.46 254.07 459.34 237.21 541.09 68.06 506.21
D:\ai-vision-training\datasets\medicine_copypaste\train\images\copypaste_0086.jpg,D:\ai-vision-training\datasets\medicine_hardneg\train\images\train_1003_c2a111494b.jpg,D:\ai-vision-training\datasets\medicine_hardneg\train\images\train_2439_1fe74b3500.jpg,0509d91418371ec5709a,3,止痛药,2,297.17 362.72 513.45 441.09 459.96 588.73 243.67 510.36
D:\ai-vision-training\datasets\medicine_copypaste\train\images\copypaste_0087.jpg,D:\ai-vision-training\datasets\medicine_hardneg\train\images\train_1996_84ba367af1.jpg,D:\ai-vision-training\datasets\medicine_hardneg\train\images\train_308_9171c0b32b.jpg,0708f6f2af082876f9df,16,保健品,1,421.99 165.55 482.57 134.72 533.46 234.73 472.88 265.55
D:\ai-vision-training\datasets\medicine_copypaste\train\images\copypaste_0087.jpg,D:\ai-vision-training\datasets\medicine_hardneg\train\images\train_1996_84ba367af1.jpg,D:\ai-vision-training\datasets\medicine_hardneg\train\images\train_66_e38affbd9d.jpg,5797563312241527c4fa,3,止痛药,2,192.34 35.29 464.37 89.91 430.45 258.87 158.42 204.25
D:\ai-vision-training\datasets\medicine_copypaste\train\images\copypaste_0088.jpg,D:\ai-vision-training\datasets\medicine_hardneg\train\images\train_2439_1fe74b3500.jpg,D:\ai-vision-training\datasets\medicine_hardneg\train\images\train_477_87869ceb8e.jpg,07622c2fb6b1a906fcf0,3,止痛药,1,275.81 43.54 552.65 64.87 541.17 213.86 264.33 192.53
D:\ai-vision-training\datasets\medicine_copypaste\train\images\copypaste_0088.jpg,D:\ai-vision-training\datasets\medicine_hardneg\train\images\train_2439_1fe74b3500.jpg,D:\ai-vision-training\datasets\medicine_hardneg\train\images\train_69_0a6c2e334a.jpg,3e4c8ac8e5a96e4a5fd2,12,心血管药,1,228.60 451.97 502.01 446.31 505.51 615.20 232.09 620.86
D:\ai-vision-training\datasets\medicine_copypaste\train\images\copypaste_0089.jpg,D:\ai-vision-training\datasets\medicine_hardneg\train\images\train_71_7ed41fa570.jpg,D:\ai-vision-training\datasets\medicine_hardneg\train\images\train_214_c340f9c82f.jpg,d7432cde5e77e970114e,14,妇科用药,4,107.57 23.66 279.05 10.10 284.83 83.16 113.36 96.73
D:\ai-vision-training\datasets\medicine_copypaste\train\images\copypaste_0090.jpg,D:\ai-vision-training\datasets\medicine_hardneg\train\images\train_609_5ae4c29660.jpg,D:\ai-vision-training\datasets\medicine_hardneg\train\images\train_262_462550fa86.jpg,74d7eb98fbd3ceec5e76,12,心血管药,3,8.13 380.44 223.94 376.19 226.08 484.82 10.27 489.07
D:\ai-vision-training\datasets\medicine_copypaste\train\images\copypaste_0090.jpg,D:\ai-vision-training\datasets\medicine_hardneg\train\images\train_609_5ae4c29660.jpg,D:\ai-vision-training\datasets\medicine_hardneg\train\images\train_2248_d18009165a.jpg,42b41f29657fd3194fb8,12,心血管药,2,211.90 26.37 422.71 40.38 417.23 122.77 206.42 108.76
D:\ai-vision-training\datasets\medicine_copypaste\train\images\copypaste_0091.jpg,D:\ai-vision-training\datasets\medicine_hardneg\train\images\train_2128_fd9e0a68e6.jpg,D:\ai-vision-training\datasets\medicine_hardneg\train\images\train_569_6aee7d8123.jpg,6ff893edcbbf83eb2fe3,8,抗过敏药,3,414.10 77.69 570.86 72.91 578.72 330.70 421.96 335.48
D:\ai-vision-training\datasets\medicine_copypaste\train\images\copypaste_0091.jpg,D:\ai-vision-training\datasets\medicine_hardneg\train\images\train_2128_fd9e0a68e6.jpg,D:\ai-vision-training\datasets\medicine_hardneg\train\images\train_1339_4fbdd6dbfa.jpg,7ccc9188c8e96b2753a9,3,止痛药,1,89.11 51.24 338.46 7.87 377.47 232.14 128.12 275.51
D:\ai-vision-training\datasets\medicine_copypaste\train\images\copypaste_0092.jpg,D:\ai-vision-training\datasets\medicine_hardneg\train\images\train_2453_9de3ebb93c.jpg,D:\ai-vision-training\datasets\medicine_hardneg\train\images\train_442_178787843c.jpg,5be8bf28a866109efe8b,12,心血管药,1,267.28 443.65 531.73 397.94 558.28 551.57 293.83 597.28
D:\ai-vision-training\datasets\medicine_copypaste\train\images\copypaste_0092.jpg,D:\ai-vision-training\datasets\medicine_hardneg\train\images\train_2453_9de3ebb93c.jpg,D:\ai-vision-training\datasets\medicine_hardneg\train\images\train_447_ff72e28c52.jpg,f206d5ac5acba6aa885c,3,止痛药,2,471.26 96.09 570.73 80.05 614.61 352.13 515.13 368.17
D:\ai-vision-training\datasets\medicine_copypaste\train\images\copypaste_0093.jpg,D:\ai-vision-training\datasets\medicine_hardneg\train\images\train_2438_fb310a4a72.jpg,D:\ai-vision-training\datasets\medicine_hardneg\train\images\train_3167_8dd08b3a53.jpg,2207901c7797f64dd7f7,8,抗过敏药,1,479.31 276.14 568.78 271.02 579.99 466.74 490.52 471.86
D:\ai-vision-training\datasets\medicine_copypaste\train\images\copypaste_0093.jpg,D:\ai-vision-training\datasets\medicine_hardneg\train\images\train_2438_fb310a4a72.jpg,D:\ai-vision-training\datasets\medicine_hardneg\train\images\train_378_1715df0a5b.jpg,b8ce38f5d7bfaa29a724,12,心血管药,1,47.46 375.87 303.10 385.49 295.15 596.83 39.51 587.22
D:\ai-vision-training\datasets\medicine_copypaste\train\images\copypaste_0094.jpg,D:\ai-vision-training\datasets\medicine_hardneg\train\images\train_2585_8c93dd50a8.jpg,D:\ai-vision-training\datasets\medicine_hardneg\train\images\train_241_796432b812.jpg,9a8229a8dbb94f48407c,14,妇科用药,1,355.70 55.53 630.91 81.62 614.60 253.71 339.39 227.63
D:\ai-vision-training\datasets\medicine_copypaste\train\images\copypaste_0094.jpg,D:\ai-vision-training\datasets\medicine_hardneg\train\images\train_2585_8c93dd50a8.jpg,D:\ai-vision-training\datasets\medicine_hardneg\train\images\train_569_6aee7d8123.jpg,429c750432b8dcf2e3e6,8,抗过敏药,2,338.16 441.56 598.66 414.06 612.53 545.47 352.03 572.97
D:\ai-vision-training\datasets\medicine_copypaste\train\images\copypaste_0095.jpg,D:\ai-vision-training\datasets\medicine_hardneg\train\images\train_1284_23e9779361.jpg,D:\ai-vision-training\datasets\medicine_hardneg\train\images\train_3196_e643b2190c.jpg,71437cdff01cbe969cd7,8,抗过敏药,1,466.12 241.21 560.52 219.27 615.43 455.55 521.03 477.48
D:\ai-vision-training\datasets\medicine_copypaste\train\images\copypaste_0095.jpg,D:\ai-vision-training\datasets\medicine_hardneg\train\images\train_1284_23e9779361.jpg,D:\ai-vision-training\datasets\medicine_hardneg\train\images\train_335_0a0d0d2164.jpg,634b4c52b9630613a9d2,16,保健品,2,376.84 39.99 627.08 80.96 595.78 272.14 345.54 231.17
D:\ai-vision-training\datasets\medicine_copypaste\train\images\copypaste_0096.jpg,D:\ai-vision-training\datasets\medicine_hardneg\train\images\train_1040_e5c848bf3b.jpg,D:\ai-vision-training\datasets\medicine_hardneg\train\images\train_3189_88ae8e2fbd.jpg,ff9f350504218bca5084,8,抗过敏药,2,467.86 56.30 585.09 39.64 621.97 299.10 504.74 315.76
D:\ai-vision-training\datasets\medicine_copypaste\train\images\copypaste_0096.jpg,D:\ai-vision-training\datasets\medicine_hardneg\train\images\train_1040_e5c848bf3b.jpg,D:\ai-vision-training\datasets\medicine_hardneg\train\images\train_75_bb2d1a4a0c.jpg,da57f947cc4452d4298e,3,止痛药,4,347.02 474.25 623.32 507.45 610.53 613.86 334.23 580.66
D:\ai-vision-training\datasets\medicine_copypaste\train\images\copypaste_0097.jpg,D:\ai-vision-training\datasets\medicine_hardneg\train\images\train_1339_4fbdd6dbfa.jpg,D:\ai-vision-training\datasets\medicine_hardneg\train\images\train_4_b43dbd85d9.jpg,b42e31906785eb5a567b,14,妇科用药,2,279.77 438.02 519.65 465.07 501.19 628.74 261.32 601.68
D:\ai-vision-training\datasets\medicine_copypaste\train\images\copypaste_0097.jpg,D:\ai-vision-training\datasets\medicine_hardneg\train\images\train_1339_4fbdd6dbfa.jpg,D:\ai-vision-training\datasets\medicine_hardneg\train\images\train_3192_2d28368a9c.jpg,d0f8f3672f0047b5b41d,8,抗过敏药,2,50.99 228.17 182.18 238.64 160.65 508.49 29.46 498.02
D:\ai-vision-training\datasets\medicine_copypaste\train\images\copypaste_0098.jpg,D:\ai-vision-training\datasets\medicine_hardneg\train\images\train_519_aa297e0007.jpg,D:\ai-vision-training\datasets\medicine_hardneg\train\images\train_97_81621f31af.jpg,d1c83072c62ffd9f651a,14,妇科用药,3,96.97 41.64 185.70 52.36 172.35 162.84 83.63 152.13
D:\ai-vision-training\datasets\medicine_copypaste\train\images\copypaste_0098.jpg,D:\ai-vision-training\datasets\medicine_hardneg\train\images\train_519_aa297e0007.jpg,D:\ai-vision-training\datasets\medicine_hardneg\train\images\train_364_a21b8584be.jpg,5872e73f3235e5d3c198,16,保健品,2,257.42 47.64 439.10 22.43 454.13 130.76 272.45 155.97
D:\ai-vision-training\datasets\medicine_copypaste\train\images\copypaste_0099.jpg,D:\ai-vision-training\datasets\medicine_hardneg\train\images\train_206_322de5dc27.jpg,D:\ai-vision-training\datasets\medicine_hardneg\train\images\train_303_e92f74dd6c.jpg,a815e571363dc4275628,16,保健品,1,312.38 398.32 443.34 371.26 459.17 447.90 328.22 474.96
D:\ai-vision-training\datasets\medicine_copypaste\train\images\copypaste_0100.jpg,D:\ai-vision-training\datasets\medicine_hardneg\train\images\train_165_24253c15f6.jpg,D:\ai-vision-training\datasets\medicine_hardneg\train\images\train_259_c013aed5c8.jpg,1b1670b3d921cca7f4e7,14,妇科用药,3,239.33 56.53 452.95 25.99 466.23 118.88 252.61 149.42
D:\ai-vision-training\datasets\medicine_copypaste\train\images\copypaste_0100.jpg,D:\ai-vision-training\datasets\medicine_hardneg\train\images\train_165_24253c15f6.jpg,D:\ai-vision-training\datasets\medicine_hardneg\train\images\train_97_81621f31af.jpg,3f37f2392fcf7a6519e6,14,妇科用药,1,118.00 372.82 195.05 410.29 164.87 472.36 87.82 434.89
D:\ai-vision-training\datasets\medicine_copypaste\train\images\copypaste_0101.jpg,D:\ai-vision-training\datasets\medicine_hardneg\train\images\train_1143_c902b9fb6e.jpg,D:\ai-vision-training\datasets\medicine_hardneg\train\images\train_3211_02bfd99b87.jpg,c59d976adc36a6bf769e,8,抗过敏药,1,419.44 78.78 584.74 91.06 564.40 364.83 399.10 352.55
D:\ai-vision-training\datasets\medicine_copypaste\train\images\copypaste_0101.jpg,D:\ai-vision-training\datasets\medicine_hardneg\train\images\train_1143_c902b9fb6e.jpg,D:\ai-vision-training\datasets\medicine_hardneg\train\images\train_55_f05b91330b.jpg,4fa731d66373e516eeaa,12,心血管药,1,18.43 187.93 203.37 150.73 231.77 291.92 46.83 329.11
D:\ai-vision-training\datasets\medicine_copypaste\train\images\copypaste_0102.jpg,D:\ai-vision-training\datasets\medicine_hardneg\train\images\train_679_d176cdfc28.jpg,D:\ai-vision-training\datasets\medicine_hardneg\train\images\train_332_b595285cc9.jpg,2d7863f1fdb1fd4157a4,8,抗过敏药,3,160.11 36.21 355.04 65.19 338.40 177.10 143.48 148.11
D:\ai-vision-training\datasets\medicine_copypaste\train\images\copypaste_0102.jpg,D:\ai-vision-training\datasets\medicine_hardneg\train\images\train_679_d176cdfc28.jpg,D:\ai-vision-training\datasets\medicine_hardneg\train\images\train_435_2b009e4333.jpg,102e1cd9781d68b95d6b,16,保健品,2,259.79 373.27 456.23 417.27 440.61 487.00 244.17 443.00
D:\ai-vision-training\datasets\medicine_copypaste\train\images\copypaste_0103.jpg,D:\ai-vision-training\datasets\medicine_hardneg\train\images\train_374_f340f9cb91.jpg,D:\ai-vision-training\datasets\medicine_hardneg\train\images\train_477_87869ceb8e.jpg,07622c2fb6b1a906fcf0,3,止痛药,2,255.64 43.42 471.56 22.61 482.76 138.81 266.84 159.62
D:\ai-vision-training\datasets\medicine_copypaste\train\images\copypaste_0103.jpg,D:\ai-vision-training\datasets\medicine_hardneg\train\images\train_374_f340f9cb91.jpg,D:\ai-vision-training\datasets\medicine_hardneg\train\images\train_569_6aee7d8123.jpg,429c750432b8dcf2e3e6,8,抗过敏药,3,63.63 39.31 266.65 13.57 279.64 115.99 76.62 141.73
D:\ai-vision-training\datasets\medicine_copypaste\train\images\copypaste_0104.jpg,D:\ai-vision-training\datasets\medicine_hardneg\train\images\train_2178_192cd2c289.jpg,D:\ai-vision-training\datasets\medicine_hardneg\train\images\train_813_47608a7a65.jpg,15f88c71b5759f41a83f,3,止痛药,1,308.08 380.92 586.27 417.71 559.81 617.81 281.62 581.02
D:\ai-vision-training\datasets\medicine_copypaste\train\images\copypaste_0104.jpg,D:\ai-vision-training\datasets\medicine_hardneg\train\images\train_2178_192cd2c289.jpg,D:\ai-vision-training\datasets\medicine_hardneg\train\images\train_11_04cceebe85.jpg,4036b29e2460f49a3ad2,16,保健品,1,135.93 119.94 394.05 89.81 405.34 186.52 147.22 216.65
D:\ai-vision-training\datasets\medicine_copypaste\train\images\copypaste_0105.jpg,D:\ai-vision-training\datasets\medicine_hardneg\train\images\train_2638_ced8a5d2fd.jpg,D:\ai-vision-training\datasets\medicine_hardneg\train\images\train_447_ff72e28c52.jpg,964d8c2c347c0a7b84e8,3,止痛药,1,24.70 116.66 166.78 111.11 176.91 370.69 34.84 376.24
D:\ai-vision-training\datasets\medicine_copypaste\train\images\copypaste_0105.jpg,D:\ai-vision-training\datasets\medicine_hardneg\train\images\train_2638_ced8a5d2fd.jpg,D:\ai-vision-training\datasets\medicine_hardneg\train\images\train_126_d3829d532f.jpg,929bcec570348b708cd9,14,妇科用药,3,246.34 467.15 522.62 482.25 514.45 631.78 238.17 616.69
D:\ai-vision-training\datasets\medicine_copypaste\train\images\copypaste_0106.jpg,D:\ai-vision-training\datasets\medicine_hardneg\train\images\train_2743_67c9ed9ed8.jpg,D:\ai-vision-training\datasets\medicine_hardneg\train\images\train_3257_35b70bdf9f.jpg,0ebc2e7dc78dbd513a4c,8,抗过敏药,2,424.24 394.43 624.81 432.49 588.58 623.39 388.01 585.32
D:\ai-vision-training\datasets\medicine_copypaste\train\images\copypaste_0106.jpg,D:\ai-vision-training\datasets\medicine_hardneg\train\images\train_2743_67c9ed9ed8.jpg,D:\ai-vision-training\datasets\medicine_hardneg\train\images\train_204_9dc28661e9.jpg,f40148304746b99e2ed9,12,心血管药,1,39.98 367.44 309.55 403.84 280.78 616.87 11.21 580.47
