source_image,output_image,sha256,max_conf,predicted_class_id,predicted_class_name,prediction_count
C:\Users\王鑫\OneDrive\桌面\ai-vision\软通动力实训-2026-07\软通动力实训-2026-07\ai-training\data\yolo\worksite\images\test\images\construction-2-_mp4-162_jpg.rf.edc08e7528429b4315f59637aaf65cf0.jpg,D:\ai-vision-training\datasets\medicine_hardneg\train\images\hardneg_586d2f9e0d76a329.jpg,586d2f9e0d76a3291bd70e0c2770377253fea7ffa7099b48524a1c77f2b6cf30,0.8617298007011414,16,保健品,19
C:\Users\王鑫\OneDrive\桌面\ai-vision\软通动力实训-2026-07\软通动力实训-2026-07\ai-training\data\yolo\worksite\images\train\images\Apple-Tests-Face-ID-Feature-While-Wearing-a-Mask-Shorts_mp4-51_jpg.rf.aec1873064ce036fc10e6e0f12b59e24.jpg,D:\ai-vision-training\datasets\medicine_hardneg\train\images\hardneg_1a76ee808f55d211.jpg,1a76ee808f55d2119cf8dc5d4454761f790d22e3223b95b3908ec7ae61460ef3,0.8359231352806091,16,保健品,15
C:\Users\王鑫\OneDrive\桌面\ai-vision\软通动力实训-2026-07\软通动力实训-2026-07\ai-training\data\yolo\worksite\images\train\images\construction-2-_mp4-210_jpg.rf.bef16a153dae2290c2b50c8fea928cae.jpg,D:\ai-vision-training\datasets\medicine_hardneg\train\images\hardneg_0cbaada130c888f0.jpg,0cbaada130c888f007aa000a93be5d7a11f055cc7412d84e59be4abcbdd756e6,0.8293020725250244,16,保健品,10
C:\Users\王鑫\OneDrive\桌面\ai-vision\软通动力实训-2026-07\软通动力实训-2026-07\ai-training\data\yolo\worksite\images\train\images\n457047_jpg.rf.e7c55354d1dc5c89b33ef245564da9c8.jpg,D:\ai-vision-training\datasets\medicine_hardneg\train\images\hardneg_ecdacdf139b3ed30.jpg,ecdacdf139b3ed301c38ad92b7ed38011290c8e8ebbc04c4e1c3e12c26dfb39e,0.7854225635528564,17,其他,14
C:\Users\王鑫\OneDrive\桌面\ai-vision\软通动力实训-2026-07\软通动力实训-2026-07\ai-training\data\yolo\worksite\images\train\images\construction-2-_mp4-178_jpg.rf.9bda568d806072e7ca04d7b50d1483c9.jpg,D:\ai-vision-training\datasets\medicine_hardneg\train\images\hardneg_328db25ed8d40487.jpg,328db25ed8d4048762f8e4d424227b6dffb0ad259caa6c579007f0464f227a52,0.7776511311531067,16,保健品,8
C:\Users\王鑫\OneDrive\桌面\ai-vision\软通动力实训-2026-07\软通动力实训-2026-07\ai-training\data\yolo\worksite\images\train\images\youtube-731_jpg.rf.838c1a531de2adae1392062b4b2bda66.jpg,D:\ai-vision-training\datasets\medicine_hardneg\train\images\hardneg_98c7f2925e5d3f50.jpg,98c7f2925e5d3f5072f4aeed7cd5b8b9e16a16bd19498e8a9e2ed36e24a14e50,0.7513689398765564,16,保健品,13
C:\Users\王鑫\OneDrive\桌面\ai-vision\软通动力实训-2026-07\软通动力实训-2026-07\ai-training\data\yolo\worksite\images\train\images\youtube-824_jpg.rf.5baf65abebe0647f6f8b6ccaa801d7ef.jpg,D:\ai-vision-training\datasets\medicine_hardneg\train\images\hardneg_9d118a3453e517ea.jpg,9d118a3453e517ea6f9c8ef6d07b46d48f65a71485517f008bef91a514cc95b4,0.7512146234512329,17,其他,12
C:\Users\王鑫\OneDrive\桌面\ai-vision\软通动力实训-2026-07\软通动力实训-2026-07\ai-training\data\yolo\worksite\images\train\images\youtube-815_jpg.rf.e01e897cfb2f6a6fd040babedc44d48b.jpg,D:\ai-vision-training\datasets\medicine_hardneg\train\images\hardneg_f581dd09581c12df.jpg,f581dd09581c12df5add46acfd3fcdb46f9721f1811d0302a13360c53a6af9da,0.7407165169715881,16,保健品,22
C:\Users\王鑫\OneDrive\桌面\ai-vision\软通动力实训-2026-07\软通动力实训-2026-07\ai-training\data\yolo\worksite\images\train\images\ppe_0738_jpg.rf.631d61e347713b921f68ac21ad3d2f33.jpg,D:\ai-vision-training\datasets\medicine_hardneg\train\images\hardneg_ec005ec57844a820.jpg,ec005ec57844a820737fa1a796e7a28fa54caf6cf54512c35080ea1a8a0fe2ba,0.7397201657295227,17,其他,21
C:\Users\王鑫\OneDrive\桌面\ai-vision\软通动力实训-2026-07\软通动力实训-2026-07\ai-training\data\yolo\worksite\images\train\images\construction-860-_jpg.rf.67cee02056616afdaab6e3ab84dd12d3.jpg,D:\ai-vision-training\datasets\medicine_hardneg\train\images\hardneg_f0eb473cd230c121.jpg,f0eb473cd230c12173266daa4c17daf5ebaaec2e60eb44770e1fae5184eeab5d,0.737971842288971,16,保健品,12
C:\Users\王鑫\OneDrive\桌面\ai-vision\软通动力实训-2026-07\软通动力实训-2026-07\ai-training\data\yolo\worksite\images\valid\images\construction-3-_mp4-219_jpg.rf.ac22821dbd88fe260320d3809b8cb62a.jpg,D:\ai-vision-training\datasets\medicine_hardneg\train\images\hardneg_8e39cf90de9ca52c.jpg,8e39cf90de9ca52ce6ef5b69d527bdb1a111a1cbda244785ba7dffb5eea7ea71,0.726466178894043,16,保健品,12
C:\Users\王鑫\OneDrive\桌面\ai-vision\软通动力实训-2026-07\软通动力实训-2026-07\ai-training\data\yolo\worksite\images\train\images\ppe_0029_jpg.rf.cdfd7d2e151bd71e736a4fbe555fa4e2.jpg,D:\ai-vision-training\datasets\medicine_hardneg\train\images\hardneg_ae02984fbc5d09b6.jpg,ae02984fbc5d09b6a210189318a19e750b8d4ceece43adbb8efe86c254b0545d,0.7232472896575928,16,保健品,9
C:\Users\王鑫\OneDrive\桌面\ai-vision\软通动力实训-2026-07\软通动力实训-2026-07\ai-training\data\yolo\worksite\images\train\images\youtube-235_jpg.rf.19a4113e19dc95a64d3e59bef0e2f793.jpg,D:\ai-vision-training\datasets\medicine_hardneg\train\images\hardneg_4be5336a3b20bb27.jpg,4be5336a3b20bb27077df2056ff7a39ee64dbc5c3dcfda9535f25755b562bcca,0.7220066785812378,16,保健品,7
C:\Users\王鑫\OneDrive\桌面\ai-vision\软通动力实训-2026-07\软通动力实训-2026-07\ai-training\data\yolo\worksite\images\train\images\construction-1115-_jpg.rf.62c22859012f63be27c3bb70e7fb0ab2.jpg,D:\ai-vision-training\datasets\medicine_hardneg\train\images\hardneg_8281f1e2a5818ac5.jpg,8281f1e2a5818ac587e8d91d700b80cef4db0b0f91741bd5abc79d89236160f1,0.71755051612854,16,保健品,4
C:\Users\王鑫\OneDrive\桌面\ai-vision\软通动力实训-2026-07\软通动力实训-2026-07\ai-training\data\yolo\worksite\images\train\images\2009_004301_jpg.rf.52870185c6f40def32c646caae4aefeb.jpg,D:\ai-vision-training\datasets\medicine_hardneg\train\images\hardneg_0a67159c296a255e.jpg,0a67159c296a255e6af433a2440478477b5e83478a71f27805533156aa9c403f,0.7151314616203308,17,其他,15
C:\Users\王鑫\OneDrive\桌面\ai-vision\软通动力实训-2026-07\软通动力实训-2026-07\ai-training\data\yolo\worksite\images\valid\images\construction-3-_mp4-21_jpg.rf.748824184ade4d8baabd61e3c8684dc7.jpg,D:\ai-vision-training\datasets\medicine_hardneg\train\images\hardneg_6baef27f445035e0.jpg,6baef27f445035e06781300a35edd7e25e5777e71b299dd8fcee39c97682ffda,0.7135076522827148,16,保健品,13
C:\Users\王鑫\OneDrive\桌面\ai-vision\软通动力实训-2026-07\软通动力实训-2026-07\ai-training\data\yolo\worksite\images\train\images\youtube-829_jpg.rf.66d152eed61344e0f7df6bcae6aa3265.jpg,D:\ai-vision-training\datasets\medicine_hardneg\train\images\hardneg_3bb37df0a75e2115.jpg,3bb37df0a75e21151d9d22559654f5266af1924dc8329b1e98d738cbff95f50e,0.7105274796485901,17,其他,8
C:\Users\王鑫\OneDrive\桌面\ai-vision\软通动力实训-2026-07\软通动力实训-2026-07\ai-training\data\yolo\worksite\images\train\images\construction-2-_mp4-219_jpg.rf.af4db0c3872cad6e11e9f13d8ca8cc21.jpg,D:\ai-vision-training\datasets\medicine_hardneg\train\images\hardneg_502a810faf701d76.jpg,502a810faf701d76620bbcf352945f33abac04921446379c2c8ec9542932b71a,0.7088821530342102,16,保健品,12
C:\Users\王鑫\OneDrive\桌面\ai-vision\软通动力实训-2026-07\软通动力实训-2026-07\ai-training\data\yolo\worksite\images\train\images\image_435_jpg.rf.75796c9d6cf761c1043a8e5cc4493c25.jpg,D:\ai-vision-training\datasets\medicine_hardneg\train\images\hardneg_09902d0dcb348abe.jpg,09902d0dcb348abecc2cdc48c78210ca8501642e6054d3c4036be81960063d81,0.7024272084236145,16,保健品,16
C:\Users\王鑫\OneDrive\桌面\ai-vision\软通动力实训-2026-07\软通动力实训-2026-07\ai-training\data\yolo\worksite\images\train\images\Movie-on-10-31-22-at-10_08-AM_mov-3_jpg.rf.ca376393278b2d95e50bac9693917609.jpg,D:\ai-vision-training\datasets\medicine_hardneg\train\images\hardneg_6ded83ee478bcc7e.jpg,6ded83ee478bcc7e9e1e2b7bea8888abab5b26382e4b7c383124f64de8053a9d,0.7018941044807434,16,保健品,11
C:\Users\王鑫\OneDrive\桌面\ai-vision\软通动力实训-2026-07\软通动力实训-2026-07\ai-training\data\yolo\worksite\images\train\images\youtube-832_jpg.rf.17ac38d0809289d028c11649da754ec8.jpg,D:\ai-vision-training\datasets\medicine_hardneg\train\images\hardneg_b236e9e9a436d2f5.jpg,b236e9e9a436d2f5aa19784448476da811535b4dfd753d23cdb50905120b3d9a,0.7015213966369629,17,其他,6
C:\Users\王鑫\OneDrive\桌面\ai-vision\软通动力实训-2026-07\软通动力实训-2026-07\ai-training\data\yolo\worksite\images\valid\images\Mask2_mov-11_jpg.rf.918a13fa7ce3fd15ed1d138a75751bd4.jpg,D:\ai-vision-training\datasets\medicine_hardneg\train\images\hardneg_7ea05e0feabc0001.jpg,7ea05e0feabc0001409b1afe02a297f91b93d0491ab73fa66da30870359a1590,0.6937325596809387,17,其他,6
C:\Users\王鑫\OneDrive\桌面\ai-vision\软通动力实训-2026-07\软通动力实训-2026-07\ai-training\data\yolo\worksite\images\train\images\construction-543-_jpg.rf.5bd20c3b0147dae9d6222a74b349b3ab.jpg,D:\ai-vision-training\datasets\medicine_hardneg\train\images\hardneg_ba89aeee4f985a7f.jpg,ba89aeee4f985a7f1fd26d1fd1a126dcfbc886fc4a4d12bfcac5cdb0e8c727be,0.6860053539276123,4,退烧药,12
C:\Users\王鑫\OneDrive\桌面\ai-vision\软通动力实训-2026-07\软通动力实训-2026-07\ai-training\data\yolo\worksite\images\test\images\construction-1159-_jpg.rf.f9a51910ef9772d402665f109a955a27.jpg,D:\ai-vision-training\datasets\medicine_hardneg\train\images\hardneg_ca3191bf6ae3dcce.jpg,ca3191bf6ae3dccee644d2afc11ebed6b5d9531aa47f02f0b53faeee101dc1b9,0.6741694808006287,16,保健品,9
C:\Users\王鑫\OneDrive\桌面\ai-vision\软通动力实训-2026-07\软通动力实训-2026-07\ai-training\data\yolo\worksite\images\train\images\youtube-395_jpg.rf.7023fe0269732ed2c49c97c50cf9dd40.jpg,D:\ai-vision-training\datasets\medicine_hardneg\train\images\hardneg_68244dce3b0f55cf.jpg,68244dce3b0f55cf372e258c090ed9a2033cb4f666660e19cd5f43655fa5b0cc,0.6685978174209595,16,保健品,7
C:\Users\王鑫\OneDrive\桌面\ai-vision\软通动力实训-2026-07\软通动力实训-2026-07\ai-training\data\yolo\worksite\images\train\images\construction-3-_mp4-67_jpg.rf.80d8d4cf508ec028b4070fb7fb41c2f2.jpg,D:\ai-vision-training\datasets\medicine_hardneg\train\images\hardneg_334519de2ae5a694.jpg,334519de2ae5a6949dd2f254e494eabaa3bd831718e1b774c24572f3d196dc71,0.6660792827606201,16,保健品,18
C:\Users\王鑫\OneDrive\桌面\ai-vision\软通动力实训-2026-07\软通动力实训-2026-07\ai-training\data\yolo\worksite\images\train\images\smartmi-3pcs-filter-mask-pm25-haze-dustproof-mask-with-vent_jpg.rf.c11e9743d772b3fbfa343e79e396c29c.jpg,D:\ai-vision-training\datasets\medicine_hardneg\train\images\hardneg_365068b54cbd58b5.jpg,365068b54cbd58b53e48c5f8e17b952c22d3f39618d85520e5c3123dd1a3d83c,0.665966272354126,17,其他,5
C:\Users\王鑫\OneDrive\桌面\ai-vision\软通动力实训-2026-07\软通动力实训-2026-07\ai-training\data\yolo\worksite\images\train\images\youtube-813_jpg.rf.db836cb26bdb53b1c1c823bbdcb317b2.jpg,D:\ai-vision-training\datasets\medicine_hardneg\train\images\hardneg_54dd2e6b26016d93.jpg,54dd2e6b26016d9390e9761057f552132b41d22e14cc7d9fecaf508d14381a77,0.6569185853004456,16,保健品,17
C:\Users\王鑫\OneDrive\桌面\ai-vision\软通动力实训-2026-07\软通动力实训-2026-07\ai-training\data\yolo\worksite\images\train\images\youtube-571_jpg.rf.d3258631b305759362485f343740c0cc.jpg,D:\ai-vision-training\datasets\medicine_hardneg\train\images\hardneg_0db21f3bd2404af0.jpg,0db21f3bd2404af0e79394612455dc2bc82107d4bdb215f2688d17ee1d58066d,0.6346649527549744,16,保健品,6
C:\Users\王鑫\OneDrive\桌面\ai-vision\软通动力实训-2026-07\软通动力实训-2026-07\ai-training\data\yolo\worksite\images\train\images\youtube-730_jpg.rf.36e1dfccfc891da3c930637a7e03bbe1.jpg,D:\ai-vision-training\datasets\medicine_hardneg\train\images\hardneg_3b2a7282ca5437ae.jpg,3b2a7282ca5437aedeb205e059f8742f889c99817554a1df28a01cd862d0aab8,0.6256177425384521,16,保健品,7
C:\Users\王鑫\OneDrive\桌面\ai-vision\软通动力实训-2026-07\软通动力实训-2026-07\ai-training\data\yolo\worksite\images\train\images\ppe_0750_jpg.rf.bfad9230749516d28b4de9c6575e65a7.jpg,D:\ai-vision-training\datasets\medicine_hardneg\train\images\hardneg_3b91b0c3af14bccf.jpg,3b91b0c3af14bccf67c858a5a4b7128c938f6cf7f1734153a190467ff0d95477,0.6213086247444153,16,保健品,22
C:\Users\王鑫\OneDrive\桌面\ai-vision\软通动力实训-2026-07\软通动力实训-2026-07\ai-training\data\yolo\worksite\images\valid\images\youtube-391_jpg.rf.941d2a1277953dea6f593a6f4a790a1f.jpg,D:\ai-vision-training\datasets\medicine_hardneg\train\images\hardneg_74857c381f33f756.jpg,74857c381f33f756bb594d66c47ae52054d183fffd18188566804b4f8e11483f,0.617453396320343,16,保健品,10
C:\Users\王鑫\OneDrive\桌面\ai-vision\软通动力实训-2026-07\软通动力实训-2026-07\ai-training\data\yolo\worksite\images\train\images\Movie-on-10-31-22-at-10_08-AM_mov-0_jpg.rf.0b27eadad4a69b5d54cb3e07b8bd9ab2.jpg,D:\ai-vision-training\datasets\medicine_hardneg\train\images\hardneg_5f197319efd151d3.jpg,5f197319efd151d322ab825228798fcbd14b8ede433bde49bb7a9dd0ddd621a9,0.6142150163650513,16,保健品,11
C:\Users\王鑫\OneDrive\桌面\ai-vision\软通动力实训-2026-07\软通动力实训-2026-07\ai-training\data\yolo\worksite\images\train\images\airport_inside_0449_jpg.rf.a4d068805762de09028ea84983a0eb76.jpg,D:\ai-vision-training\datasets\medicine_hardneg\train\images\hardneg_e57137b173983151.jpg,e57137b173983151d958fc51203fd385ce0f110f1addffa9d00023464ea2a1b7,0.6091203093528748,13,中成药,5
C:\Users\王鑫\OneDrive\桌面\ai-vision\软通动力实训-2026-07\软通动力实训-2026-07\ai-training\data\yolo\worksite\images\train\images\youtube-519_jpg.rf.d2f605362d63e6c778913484dfdfeae8.jpg,D:\ai-vision-training\datasets\medicine_hardneg\train\images\hardneg_759ba9df5c059fdf.jpg,759ba9df5c059fdfc6e730996844ef6b797fac67df14f6302f5a04a00c13ad79,0.6059272885322571,16,保健品,13
C:\Users\王鑫\OneDrive\桌面\ai-vision\软通动力实训-2026-07\软通动力实训-2026-07\ai-training\data\yolo\worksite\images\train\images\165_jpg.rf.d0825fce0d151a292d98b450abe5c481.jpg,D:\ai-vision-training\datasets\medicine_hardneg\train\images\hardneg_301ec42c1e056f8f.jpg,301ec42c1e056f8f819d063cc9e485b6519fa718bb67410492d75c031aaf96a4,0.602913498878479,17,其他,18
C:\Users\王鑫\OneDrive\桌面\ai-vision\软通动力实训-2026-07\软通动力实训-2026-07\ai-training\data\yolo\worksite\images\valid\images\soooo_jpg.rf.1f8db46d05bb73469eaed2f294d06e4f.jpg,D:\ai-vision-training\datasets\medicine_hardneg\train\images\hardneg_76308ff356b51dd2.jpg,76308ff356b51dd23ac4300b5c450cce571352c639d58b4832a13798c64ca481,0.5997999906539917,16,保健品,31
C:\Users\王鑫\OneDrive\桌面\ai-vision\软通动力实训-2026-07\软通动力实训-2026-07\ai-training\data\yolo\worksite\images\train\images\image_23_jpg.rf.fea0ac5f2cfad839cb8423d8c852276d.jpg,D:\ai-vision-training\datasets\medicine_hardneg\train\images\hardneg_987bbda71972d856.jpg,987bbda71972d85699a6462a3e3702f19c6581910e347d67c98310c02e4188f3,0.5972023606300354,16,保健品,7
C:\Users\王鑫\OneDrive\桌面\ai-vision\软通动力实训-2026-07\软通动力实训-2026-07\ai-training\data\yolo\worksite\images\valid\images\youtube-804_jpg.rf.788b2e547d94cdbe308d1aa74475b783.jpg,D:\ai-vision-training\datasets\medicine_hardneg\train\images\hardneg_b008d35b59fb44d7.jpg,b008d35b59fb44d737a4b71d2b25b6fd9db246fac43e20f748273b39c6288d53,0.5959543585777283,8,抗过敏药,2
C:\Users\王鑫\OneDrive\桌面\ai-vision\软通动力实训-2026-07\软通动力实训-2026-07\ai-training\data\yolo\worksite\images\train\images\image_426_jpg.rf.3046bfd42848902bfc6634d5d4e5d564.jpg,D:\ai-vision-training\datasets\medicine_hardneg\train\images\hardneg_07cf0ec995294c6f.jpg,07cf0ec995294c6fae222bb72acac9e0d1fc1e5450a8685d77f46ff70026d9ba,0.5848945379257202,8,抗过敏药,16
C:\Users\王鑫\OneDrive\桌面\ai-vision\软通动力实训-2026-07\软通动力实训-2026-07\ai-training\data\yolo\worksite\images\valid\images\Movie-on-10-31-22-at-10_08-AM_mov-6_jpg.rf.d6c12e2df8c51288bf878a23552cebf7.jpg,D:\ai-vision-training\datasets\medicine_hardneg\train\images\hardneg_16eb70c704cafe88.jpg,16eb70c704cafe88a09cdb427476aa6e5b72e3884f47fd9e043da34f577a70ec,0.5788344144821167,16,保健品,11
C:\Users\王鑫\OneDrive\桌面\ai-vision\软通动力实训-2026-07\软通动力实训-2026-07\ai-training\data\yolo\worksite\images\test\images\youtube-840_jpg.rf.64ef53bced9bacdd492e0cbc19687e9e.jpg,D:\ai-vision-training\datasets\medicine_hardneg\train\images\hardneg_7b1b738fd309d816.jpg,7b1b738fd309d816f4753b7c19991678212a842f04f83ba4dddd109ca631b0e4,0.5766260623931885,16,保健品,10
C:\Users\王鑫\OneDrive\桌面\ai-vision\软通动力实训-2026-07\软通动力实训-2026-07\ai-training\data\yolo\worksite\images\train\images\005376_jpg.rf.f9ddfb0104a7fc8b3473d7daa8cd919f.jpg,D:\ai-vision-training\datasets\medicine_hardneg\train\images\hardneg_8dde612db82c5ea0.jpg,8dde612db82c5ea0becc955b4f2df83c52fdfc8cefe46a2579e3de577877d083,0.5755018591880798,17,其他,11
C:\Users\王鑫\OneDrive\桌面\ai-vision\软通动力实训-2026-07\软通动力实训-2026-07\ai-training\data\yolo\worksite\images\train\images\youtube-849_jpg.rf.58e99890e7585690835ff2d91e4df2e7.jpg,D:\ai-vision-training\datasets\medicine_hardneg\train\images\hardneg_67976d1f3d2e42e4.jpg,67976d1f3d2e42e480470a86a3bf0c2aacdac8584967527edf79f147b44c4840,0.5670505166053772,16,保健品,9
C:\Users\王鑫\OneDrive\桌面\ai-vision\软通动力实训-2026-07\软通动力实训-2026-07\ai-training\data\yolo\worksite\images\train\images\youtube-855_jpg.rf.667d93c65ff338e9667711c415dc4fbe.jpg,D:\ai-vision-training\datasets\medicine_hardneg\train\images\hardneg_fce5db5c60716513.jpg,fce5db5c60716513e9374c86dd4e37635bce62223622db44262aaa288c66fe66,0.5650478601455688,16,保健品,8
C:\Users\王鑫\OneDrive\桌面\ai-vision\软通动力实训-2026-07\软通动力实训-2026-07\ai-training\data\yolo\worksite\images\train\images\image_31_jpg.rf.572f6489a59ecf3ab8951ddb18ca8f7c.jpg,D:\ai-vision-training\datasets\medicine_hardneg\train\images\hardneg_5f2d0454506c4c7d.jpg,5f2d0454506c4c7dec91719817c4cade007ae5802a4efd9f37ee737e1212ca46,0.5552254319190979,16,保健品,4
C:\Users\王鑫\OneDrive\桌面\ai-vision\软通动力实训-2026-07\软通动力实训-2026-07\ai-training\data\yolo\worksite\images\train\images\youtube-812_jpg.rf.7ef91e532f0cef47539405bee4526a46.jpg,D:\ai-vision-training\datasets\medicine_hardneg\train\images\hardneg_ba0cc0773b06a758.jpg,ba0cc0773b06a758e476a47de69da90c03cc3a81c81750eb659c40901aa1ac38,0.5550575852394104,16,保健品,18
C:\Users\王鑫\OneDrive\桌面\ai-vision\软通动力实训-2026-07\软通动力实训-2026-07\ai-training\data\yolo\worksite\images\test\images\construction-675-_jpg.rf.b84f55bdd16f9e64e8933d093eedd012.jpg,D:\ai-vision-training\datasets\medicine_hardneg\train\images\hardneg_21165583a3465d06.jpg,21165583a3465d062fa4f35bdd1ee5f96b7c9cbaf55cfc41a7891d476633ea97,0.5504801869392395,16,保健品,17
C:\Users\王鑫\OneDrive\桌面\ai-vision\软通动力实训-2026-07\软通动力实训-2026-07\ai-training\data\yolo\worksite\images\train\images\youtube-615_jpg.rf.981934ed0257d9348ae109b85e511ebd.jpg,D:\ai-vision-training\datasets\medicine_hardneg\train\images\hardneg_4e61b2f3d52780ad.jpg,4e61b2f3d52780adb38acbd25f4db08946b66cde3fc41d6f421161fb3363e894,0.5420267581939697,16,保健品,16
C:\Users\王鑫\OneDrive\桌面\ai-vision\软通动力实训-2026-07\软通动力实训-2026-07\ai-training\data\yolo\worksite\images\train\images\youtube-574_jpg.rf.03f4ac2e50176833d4dbf4587ccf59bc.jpg,D:\ai-vision-training\datasets\medicine_hardneg\train\images\hardneg_89cf9fc03d2e883a.jpg,89cf9fc03d2e883ad9af3b201aaa2b37d21108f2b524910920e9e0d1c083ce25,0.5384775996208191,16,保健品,4
C:\Users\王鑫\OneDrive\桌面\ai-vision\软通动力实训-2026-07\软通动力实训-2026-07\ai-training\data\yolo\worksite\images\train\images\-1680-_png_jpg.rf.6b9519a704f9ab6d81fa1bc4da9fff3e.jpg,D:\ai-vision-training\datasets\medicine_hardneg\train\images\hardneg_b4104b33a1d38947.jpg,b4104b33a1d38947e6743eb8357d5a15a7c5c815345c3059fe4dabfc97f8a538,0.5380246639251709,16,保健品,10
C:\Users\王鑫\OneDrive\桌面\ai-vision\软通动力实训-2026-07\软通动力实训-2026-07\ai-training\data\yolo\worksite\images\train\images\405_jpg.rf.cbc7061cdb399a992067d76804e844ac.jpg,D:\ai-vision-training\datasets\medicine_hardneg\train\images\hardneg_39ac61173bded1c5.jpg,39ac61173bded1c54a5479bc2fa43291fb1e60cce9fff000f5c2ab03fa40ebbb,0.5358880162239075,17,其他,14
C:\Users\王鑫\OneDrive\桌面\ai-vision\软通动力实训-2026-07\软通动力实训-2026-07\ai-training\data\yolo\worksite\images\train\images\img17_jpg.rf.2e7f06ceb624e63f407fc3334aa8a4a6.jpg,D:\ai-vision-training\datasets\medicine_hardneg\train\images\hardneg_5786c77cd4fb1ec5.jpg,5786c77cd4fb1ec5429099b27da311fcfafcb9d30e8a8650a245ee0aab408129,0.5313217043876648,17,其他,5
C:\Users\王鑫\OneDrive\桌面\ai-vision\软通动力实训-2026-07\软通动力实训-2026-07\ai-training\data\yolo\worksite\images\train\images\youtube-492_jpg.rf.be64ec25b70706b1086a639bf68313df.jpg,D:\ai-vision-training\datasets\medicine_hardneg\train\images\hardneg_e5c90a20b3363dbb.jpg,e5c90a20b3363dbb4086fb969750d335afee4abe8fdb742812dddc5eba22604b,0.5224340558052063,16,保健品,6
C:\Users\王鑫\OneDrive\桌面\ai-vision\软通动力实训-2026-07\软通动力实训-2026-07\ai-training\data\yolo\worksite\images\valid\images\IMG_3100_mp4-3_jpg.rf.f3924cb7f0f86a730942c9f3aa166f28.jpg,D:\ai-vision-training\datasets\medicine_hardneg\train\images\hardneg_bd7ba2ff0165fd27.jpg,bd7ba2ff0165fd279ba69cef82bdc9a411008596ee030cb72eb87158a4fa470f,0.5192366242408752,16,保健品,14
C:\Users\王鑫\OneDrive\桌面\ai-vision\软通动力实训-2026-07\软通动力实训-2026-07\ai-training\data\yolo\worksite\images\valid\images\Mask2_mov-15_jpg.rf.acff530cf3725342231627f7515288d6.jpg,D:\ai-vision-training\datasets\medicine_hardneg\train\images\hardneg_96dd867eb8b36e4d.jpg,96dd867eb8b36e4d5d9d4f094e6dfb52f103b1cd2ce5dd65ec0a2bcbc1054157,0.5104551911354065,17,其他,3
C:\Users\王鑫\OneDrive\桌面\ai-vision\软通动力实训-2026-07\软通动力实训-2026-07\ai-training\data\yolo\worksite\images\train\images\construction-5-_mp4-161_jpg.rf.a024b3a5de821f45f55b045f5e2194cb.jpg,D:\ai-vision-training\datasets\medicine_hardneg\train\images\hardneg_5fbfb9934a74b7a3.jpg,5fbfb9934a74b7a399e8a8463e290319b0cc1e7fe8c1b297a5c13b83c6dd3aa0,0.5087222456932068,16,保健品,1
C:\Users\王鑫\OneDrive\桌面\ai-vision\软通动力实训-2026-07\软通动力实训-2026-07\ai-training\data\yolo\worksite\images\train\images\Movie-on-10-31-22-at-10_08-AM_mov-5_jpg.rf.cf48c1bf2079f3b65db66fb64d925a20.jpg,D:\ai-vision-training\datasets\medicine_hardneg\train\images\hardneg_a2ffc1a35187c1d8.jpg,a2ffc1a35187c1d8f3b10a0ed501558a0d835080561f798c375a39c4b4520fa4,0.49932166934013367,16,保健品,9
C:\Users\王鑫\OneDrive\桌面\ai-vision\软通动力实训-2026-07\软通动力实训-2026-07\ai-training\data\yolo\worksite\images\train\images\construction-1-_mp4-51_jpg.rf.c392949aa3b32779f29887335ad3f377.jpg,D:\ai-vision-training\datasets\medicine_hardneg\train\images\hardneg_93878466d6039433.jpg,93878466d6039433665112e6b6f2a1154b90941db11b50cb87d7cb2c2e1b4e89,0.4975578188896179,8,抗过敏药,9
C:\Users\王鑫\OneDrive\桌面\ai-vision\软通动力实训-2026-07\软通动力实训-2026-07\ai-training\data\yolo\worksite\images\test\images\youtube-596_jpg.rf.88eea3c5f17c135e6b0dfcd7acd8ce9d.jpg,D:\ai-vision-training\datasets\medicine_hardneg\train\images\hardneg_e26500d4b18446d4.jpg,e26500d4b18446d4e809e4ea5966d52ff5ad0e999787dc938851c1b6ca471c37,0.4974081814289093,16,保健品,8
C:\Users\王鑫\OneDrive\桌面\ai-vision\软通动力实训-2026-07\软通动力实训-2026-07\ai-training\data\yolo\worksite\images\train\images\youtube-266_jpg.rf.032e44ea6433b3f2ec283eedafcc5b31.jpg,D:\ai-vision-training\datasets\medicine_hardneg\train\images\hardneg_5e9fe72ed7c8ff65.jpg,5e9fe72ed7c8ff653a7d379fb6f5ec3e55eb30cb5a03c80266ee25d2b39b9378,0.49336639046669006,17,其他,25
C:\Users\王鑫\OneDrive\桌面\ai-vision\软通动力实训-2026-07\软通动力实训-2026-07\ai-training\data\yolo\worksite\images\valid\images\youtube-392_jpg.rf.7ae8ad40bc5ce3b8b6f4354898cb9455.jpg,D:\ai-vision-training\datasets\medicine_hardneg\train\images\hardneg_f4e6398e8da28b0c.jpg,f4e6398e8da28b0ceac666a6c1ec7654fd421b32423a114c30580099224ae166,0.4931289553642273,16,保健品,4
C:\Users\王鑫\OneDrive\桌面\ai-vision\软通动力实训-2026-07\软通动力实训-2026-07\ai-training\data\yolo\worksite\images\train\images\construction-3-_mp4-23_jpg.rf.49022f7331d5dd291b3c17e25091e055.jpg,D:\ai-vision-training\datasets\medicine_hardneg\train\images\hardneg_edc4f244e7c754aa.jpg,edc4f244e7c754aade2e5024d743863ad3658d0909f31d837c6540a6a539270f,0.49268168210983276,16,保健品,7
C:\Users\王鑫\OneDrive\桌面\ai-vision\软通动力实训-2026-07\软通动力实训-2026-07\ai-training\data\yolo\worksite\images\valid\images\construction-2-_mp4-149_jpg.rf.4063ac8c7b8f35277d8bb6a139c757a3.jpg,D:\ai-vision-training\datasets\medicine_hardneg\train\images\hardneg_185cf65205a8f25e.jpg,185cf65205a8f25e632bb1e9b87bfd45d9d2149987c8d7bcccf1aef920d10c6a,0.4908188283443451,16,保健品,11
C:\Users\王鑫\OneDrive\桌面\ai-vision\软通动力实训-2026-07\软通动力实训-2026-07\ai-training\data\yolo\worksite\images\test\images\youtube-738_jpg.rf.c0904dbc97a5d4bd3d8eeffb1879270b.jpg,D:\ai-vision-training\datasets\medicine_hardneg\train\images\hardneg_bf6affa88bb7a03f.jpg,bf6affa88bb7a03fc8ef08a75260edaf3436829cb23daf5f75d2f4578f5e5c8d,0.48950156569480896,16,保健品,5
C:\Users\王鑫\OneDrive\桌面\ai-vision\软通动力实训-2026-07\软通动力实训-2026-07\ai-training\data\yolo\worksite\images\test\images\youtube-114_jpg.rf.eb3011bd70cacf2dc16e547a76bf46af.jpg,D:\ai-vision-training\datasets\medicine_hardneg\train\images\hardneg_894fe855eba9db27.jpg,894fe855eba9db27f15027dda3b8c1a70c7785ae7126812a6da425873b8ff9d7,0.4869696795940399,16,保健品,22
C:\Users\王鑫\OneDrive\桌面\ai-vision\软通动力实训-2026-07\软通动力实训-2026-07\ai-training\data\yolo\worksite\images\valid\images\youtube-619_jpg.rf.acaa28bf8879aa2ebc6330470d4eef72.jpg,D:\ai-vision-training\datasets\medicine_hardneg\train\images\hardneg_8454e301bbc47ad8.jpg,8454e301bbc47ad87a0c7eb334987037094b23e91a2e1aaf9c178cae8be339ee,0.48647841811180115,16,保健品,13
C:\Users\王鑫\OneDrive\桌面\ai-vision\软通动力实训-2026-07\软通动力实训-2026-07\ai-training\data\yolo\worksite\images\valid\images\construction-1-_mp4-147_jpg.rf.6593d553fd4c445c810aedcc8f9bf5b0.jpg,D:\ai-vision-training\datasets\medicine_hardneg\train\images\hardneg_4bc53762fdc6392b.jpg,4bc53762fdc6392b4f15bc689bdae6cab8f9951b69aeb41826cb088761f9b701,0.48521509766578674,16,保健品,18
C:\Users\王鑫\OneDrive\桌面\ai-vision\软通动力实训-2026-07\软通动力实训-2026-07\ai-training\data\yolo\worksite\images\train\images\bowling_0014_jpg.rf.a30c506fadbacc30464e96c898256a20.jpg,D:\ai-vision-training\datasets\medicine_hardneg\train\images\hardneg_d50ce54c0f9c3561.jpg,d50ce54c0f9c356111d131725174eabfe98e60050dbe675c3942376cadc039a5,0.48372936248779297,17,其他,12
C:\Users\王鑫\OneDrive\桌面\ai-vision\软通动力实训-2026-07\软通动力实训-2026-07\ai-training\data\yolo\worksite\images\valid\images\youtube-617_jpg.rf.0f5ea7ba0ae177b6428e831987a50f8b.jpg,D:\ai-vision-training\datasets\medicine_hardneg\train\images\hardneg_11ad451161a4b721.jpg,11ad451161a4b72157083b8955334192ce146a0127ad714f16c3dc295a675014,0.48350968956947327,16,保健品,13
C:\Users\王鑫\OneDrive\桌面\ai-vision\软通动力实训-2026-07\软通动力实训-2026-07\ai-training\data\yolo\worksite\images\valid\images\ppe_0665_jpg.rf.bdb0b1fa08f8079e7baaea6ffcd9388c.jpg,D:\ai-vision-training\datasets\medicine_hardneg\train\images\hardneg_692cc1463b076a12.jpg,692cc1463b076a12ae4d245ea8b9f868d5ce53b373cd92a05d82ac8ad0ab8052,0.4820418655872345,16,保健品,16
C:\Users\王鑫\OneDrive\桌面\ai-vision\软通动力实训-2026-07\软通动力实训-2026-07\ai-training\data\yolo\worksite\images\test\images\construction-192-_jpg.rf.71d09a9d5a1b4ff3e266176c4ecba2af.jpg,D:\ai-vision-training\datasets\medicine_hardneg\train\images\hardneg_bead8f2ec3922131.jpg,bead8f2ec3922131abc4f4a94a0e9d6d713bacc1be0118dfe3f7745f03ce1d26,0.47961196303367615,16,保健品,7
C:\Users\王鑫\OneDrive\桌面\ai-vision\软通动力实训-2026-07\软通动力实训-2026-07\ai-training\data\yolo\worksite\images\train\images\youtube-499_jpg.rf.a1acdd4b7838934d7ee07a59497200bc.jpg,D:\ai-vision-training\datasets\medicine_hardneg\train\images\hardneg_f3cd2d85076e5411.jpg,f3cd2d85076e5411424cb4a9c5abb1fa7771ade57bb9d639f409541b1d6ed3a2,0.4779753088951111,16,保健品,14
C:\Users\王鑫\OneDrive\桌面\ai-vision\软通动力实训-2026-07\软通动力实训-2026-07\ai-training\data\yolo\worksite\images\train\images\youtube-362_jpg.rf.8d8a94a15e37ae8c0eb132c026a8d3c1.jpg,D:\ai-vision-training\datasets\medicine_hardneg\train\images\hardneg_7e1bd7dc1e7382ab.jpg,7e1bd7dc1e7382ab07efc8afb2bd0006b08875aa8d2d3d722e541720ee9ba6a9,0.4774700403213501,16,保健品,5
C:\Users\王鑫\OneDrive\桌面\ai-vision\软通动力实训-2026-07\软通动力实训-2026-07\ai-training\data\yolo\worksite\images\train\images\youtube-618_jpg.rf.5f31ec175483e893ef20d42a70a54dd1.jpg,D:\ai-vision-training\datasets\medicine_hardneg\train\images\hardneg_88fc609c7c9a9f8b.jpg,88fc609c7c9a9f8b486e98430a48c970d880c43623f24e6473fb667d755d6d0b,0.47641149163246155,16,保健品,12
C:\Users\王鑫\OneDrive\桌面\ai-vision\软通动力实训-2026-07\软通动力实训-2026-07\ai-training\data\yolo\worksite\images\train\images\youtube-234_jpg.rf.768d1148c5ee34a4c9ac93988b4e47c4.jpg,D:\ai-vision-training\datasets\medicine_hardneg\train\images\hardneg_c6010bc7c12d1644.jpg,c6010bc7c12d1644b9abc78338582e7584b4f3034d8826ba34704d288c6906d2,0.470569908618927,16,保健品,11
C:\Users\王鑫\OneDrive\桌面\ai-vision\软通动力实训-2026-07\软通动力实训-2026-07\ai-training\data\yolo\worksite\images\train\images\YouTube-FreeStockFootage_Child-playing-with-parents-JoyLaughterHD-RQ_qqCZOkZk-720p_mp4-42_jpg.rf.f3c77e0965d061c15c042b99414c01c2.jpg,D:\ai-vision-training\datasets\medicine_hardneg\train\images\hardneg_13947fbf1adf34bf.jpg,13947fbf1adf34bfe9f71fbb0de20a2567a6f1b788f79f4e7d853486f911454f,0.4701416790485382,4,退烧药,7
C:\Users\王鑫\OneDrive\桌面\ai-vision\软通动力实训-2026-07\软通动力实训-2026-07\ai-training\data\yolo\worksite\images\train\images\youtube-622_jpg.rf.080c690cd74ccfc8a141f22bde3a70b4.jpg,D:\ai-vision-training\datasets\medicine_hardneg\train\images\hardneg_e93db0ef22f05868.jpg,e93db0ef22f0586830f355ba91937104bda8200def958f7443fb0975edf67b08,0.46959424018859863,16,保健品,12
C:\Users\王鑫\OneDrive\桌面\ai-vision\软通动力实训-2026-07\软通动力实训-2026-07\ai-training\data\yolo\worksite\images\train\images\598_jpg.rf.38e96162415bc131608183c7dd17e4f3.jpg,D:\ai-vision-training\datasets\medicine_hardneg\train\images\hardneg_55d88d9c027ebbca.jpg,55d88d9c027ebbcabd28858a791613857a6554aead555d0f4acc6f395dbcd0c6,0.4690435826778412,17,其他,16
C:\Users\王鑫\OneDrive\桌面\ai-vision\软通动力实训-2026-07\软通动力实训-2026-07\ai-training\data\yolo\worksite\images\train\images\image_833_jpg.rf.0b8521c1370b58da289abcc100c091d8.jpg,D:\ai-vision-training\datasets\medicine_hardneg\train\images\hardneg_c92009d5bf476481.jpg,c92009d5bf47648146e079670f1c520d1aa2ac6dc464bb5e74d117772255580c,0.46819716691970825,8,抗过敏药,2
C:\Users\王鑫\OneDrive\桌面\ai-vision\软通动力实训-2026-07\软通动力实训-2026-07\ai-training\data\yolo\worksite\images\train\images\construction-4-_mp4-27_jpg.rf.6988a89bbf7db9427d9b2c6df73bc724.jpg,D:\ai-vision-training\datasets\medicine_hardneg\train\images\hardneg_52824991ef72969c.jpg,52824991ef72969cce697fd8fc46aa434a585f7a3bcb815346d5998c0d3e82c8,0.4673081338405609,8,抗过敏药,8
C:\Users\王鑫\OneDrive\桌面\ai-vision\软通动力实训-2026-07\软通动力实训-2026-07\ai-training\data\yolo\worksite\images\train\images\Movie-on-10-31-22-at-10_08-AM_mov-14_jpg.rf.11c46585447390f603e63d155de82ce6.jpg,D:\ai-vision-training\datasets\medicine_hardneg\train\images\hardneg_116dee4e5f78feaf.jpg,116dee4e5f78feaf40dd14b3c19eebb4289d02720085307b2a34942ec105ecbd,0.4665766656398773,16,保健品,16
C:\Users\王鑫\OneDrive\桌面\ai-vision\软通动力实训-2026-07\软通动力实训-2026-07\ai-training\data\yolo\worksite\images\train\images\2008_008593_jpg.rf.7621cf0bc32d2266189e501c8d1acf32.jpg,D:\ai-vision-training\datasets\medicine_hardneg\train\images\hardneg_907dab216d5fe0e3.jpg,907dab216d5fe0e3065cb2b19920661eafb26fbb89c2313b8a450fad667aa8d0,0.46519312262535095,16,保健品,21
C:\Users\王鑫\OneDrive\桌面\ai-vision\软通动力实训-2026-07\软通动力实训-2026-07\ai-training\data\yolo\worksite\images\train\images\construction-1050-_jpg.rf.0c82833b8d6cc0505f435195e996d306.jpg,D:\ai-vision-training\datasets\medicine_hardneg\train\images\hardneg_6a89dba37261f41a.jpg,6a89dba37261f41a5524a9ea5b827241fa6ce3e9e1f139b3e6dcecd92b05e325,0.45928263664245605,16,保健品,6
C:\Users\王鑫\OneDrive\桌面\ai-vision\软通动力实训-2026-07\软通动力实训-2026-07\ai-training\data\yolo\worksite\images\train\images\005180_jpg.rf.1527ba2b6c2b201c89ce18a0c465308e.jpg,D:\ai-vision-training\datasets\medicine_hardneg\train\images\hardneg_f631ea39d1a5d8a3.jpg,f631ea39d1a5d8a31d0ed07139fd58d74f171aa4bba5800ac8ccac4bc0c3aa38,0.4579640030860901,16,保健品,20
C:\Users\王鑫\OneDrive\桌面\ai-vision\软通动力实训-2026-07\软通动力实训-2026-07\ai-training\data\yolo\worksite\images\train\images\youtube-134_jpg.rf.1fa0113d4a32206e1a2de23c52281a9e.jpg,D:\ai-vision-training\datasets\medicine_hardneg\train\images\hardneg_0ee8d91306c2f497.jpg,0ee8d91306c2f497b7a2865e5a87359e5ba9b693d91fef35449daf614657e07c,0.45663440227508545,16,保健品,12
